,,MSB,LSB,"PC#
(1-128)",,,,,,,,,,,,,,,,,,,,,,,,,,,,,,,,,,,,,,
Perc. & Drums,RoomKit,127,0,9,Drums,,,,,,,,,,,,,,,,,,,,,,,,,,,,,,,,,,,,,
,AcousticKit,127,0,90,Live!Drums,,,,,,,,,,,,,,,,,,,,,,,,,,,,,,,,,,,,,
,SymphonyKit,127,0,49,Live!Drums,,,,,,,,,,,,,,,,,,,,,,,,,,,,,,,,,,,,,
,AnalogT8Kit,127,0,59,Drums,,,,,,,,,,,,,,,,,,,,,,,,,,,,,,,,,,,,,
,AnalogT9Kit,127,0,60,Drums,,,,,,,,,,,,,,,,,,,,,,,,,,,,,,,,,,,,,
,BreakKit,127,0,58,Drums,,,,,,,,,,,,,,,,,,,,,,,,,,,,,,,,,,,,,
,HipHopKit,127,0,57,Drums,,,,,,,,,,,,,,,,,,,,,,,,,,,,,,,,,,,,,
,PopLatinKit,126,0,44,Live!SFX,,,,,,,,,,,,,,,,,,,,,,,,,,,,,,,,,,,,,
,CubanKit,126,0,41,Live!SFX,,,,,,,,,,,,,,,,,,,,,,,,,,,,,,,,,,,,,
,TurkishKit,126,0,68,Live!SFX,,,,,,,,,,,,,,,,,,,,,,,,,,,,,,,,,,,,,
,ArabicKit,126,0,36,SFX,,,,,,,,,,,,,,,,,,,,,,,,,,,,,,,,,,,,,
,Timpani,0,112,48,Regular,,,,,,,,,,,,,,,,,,,,,,,,,,,,,,,,,,,,,
,Celesta,0,112,9,Regular,,,,,,,,,,,,,,,,,,,,,,,,,,,,,,,,,,,,,
,Glockenspiel,0,112,10,Regular,,,,,,,,,,,,,,,,,,,,,,,,,,,,,,,,,,,,,
,TubularBells,0,112,15,Regular,,,,,,,,,,,,,,,,,,,,,,,,,,,,,,,,,,,,,
,Kalimba,0,112,109,Regular,,,,,,,,,,,,,,,,,,,,,,,,,,,,,,,,,,,,,
,SteelDrums,0,112,115,Regular,,,,,,,,,,,,,,,,,,,,,,,,,,,,,,,,,,,,,
,MusicBox,0,112,11,Regular,,,,,,,,,,,,,,,,,,,,,,,,,,,,,,,,,,,,,
,DanceKit,127,0,28,Drums,,,,,,,,,,,,,,,,,,,,,,,,,,,,,,,,,,,,,
,HitKit,127,0,5,Drums,,,,,,,,,,,,,,,,,,,,,,,,,,,,,,,,,,,,,
,ElectroKit,127,0,25,Drums,,,,,,,,,,,,,,,,,,,,,,,,,,,,,,,,,,,,,
,AnalogKit,127,0,26,Drums,,,,,,,,,,,,,,,,,,,,,,,,,,,,,,,,,,,,,
,NoisesKit,126,0,9,SFX,,,,,,,,,,,,,,,,,,,,,,,,,,,,,,,,,,,,,
,SFX Kit1,126,0,1,SFX,,,,,,,,,,,,,,,,,,,,,,,,,,,,,,,,,,,,,
,SFX Kit2,126,0,2,SFX,,,,,,,,,,,,,,,,,,,,,,,,,,,,,,,,,,,,,
Synth & Pad,ClubLead,104,3,63,Regular,,,,,,,,,,,,,,,,,,,,,,,,,,,,,,,,,,,,,
,Oxygen,0,122,82,Regular,,,,,,,,,,,,,,,,,,,,,,,,,,,,,,,,,,,,,
,Matrix,0,123,82,Regular,,,,,,,,,,,,,,,,,,,,,,,,,,,,,,,,,,,,,
,WireLead,0,120,82,Regular,,,,,,,,,,,,,,,,,,,,,,,,,,,,,,,,,,,,,
,SoftR&B,0,119,81,Regular,,,,,,,,,,,,,,,,,,,,,,,,,,,,,,,,,,,,,
,LektroCodes,104,2,85,Regular,,,,,,,,,,,,,,,,,,,,,,,,,,,,,,,,,,,,,
,BrightFatSaw,104,5,91,Regular,,,,,,,,,,,,,,,,,,,,,,,,,,,,,,,,,,,,,
,HPF Dance,104,0,91,Regular,,,,,,,,,,,,,,,,,,,,,,,,,,,,,,,,,,,,,
,DetunedSawOct,104,8,82,Regular,,,,,,,,,,,,,,,,,,,,,,,,,,,,,,,,,,,,,
,DanceChords,104,5,52,Regular,,,,,,,,,,,,,,,,,,,,,,,,,,,,,,,,,,,,,
,PWM Wild,104,4,81,Regular,,,,,,,,,,,,,,,,,,,,,,,,,,,,,,,,,,,,,
,FaaatComp,104,4,52,Regular,,,,,,,,,,,,,,,,,,,,,,,,,,,,,,,,,,,,,
,SimpleComp,104,12,82,Regular,,,,,,,,,,,,,,,,,,,,,,,,,,,,,,,,,,,,,
,BalladComp,104,6,89,Regular,,,,,,,,,,,,,,,,,,,,,,,,,,,,,,,,,,,,,
,ResonanceComp,104,4,63,Regular,,,,,,,,,,,,,,,,,,,,,,,,,,,,,,,,,,,,,
,VP Soft,104,0,90,Regular,,,,,,,,,,,,,,,,,,,,,,,,,,,,,,,,,,,,,
,VaporPad,104,1,90,Regular,,,,,,,,,,,,,,,,,,,,,,,,,,,,,,,,,,,,,
,ButterStrings,104,2,51,Regular,,,,,,,,,,,,,,,,,,,,,,,,,,,,,,,,,,,,,
,NewAtmosphere,104,4,90,Regular,,,,,,,,,,,,,,,,,,,,,,,,,,,,,,,,,,,,,
,DarkFatSaw,104,2,90,Regular,,,,,,,,,,,,,,,,,,,,,,,,,,,,,,,,,,,,,
,EarlyLead,0,118,82,Regular,,,,,,,,,,,,,,,,,,,,,,,,,,,,,,,,,,,,,
,SoftSquare,104,5,81,Regular,,,,,,,,,,,,,,,,,,,,,,,,,,,,,,,,,,,,,
,DetunedVintage,104,1,85,Regular,,,,,,,,,,,,,,,,,,,,,,,,,,,,,,,,,,,,,
,MouthLead,104,0,82,Regular,,,,,,,,,,,,,,,,,,,,,,,,,,,,,,,,,,,,,
,PunchLead,104,7,82,Regular,,,,,,,,,,,,,,,,,,,,,,,,,,,,,,,,,,,,,
,PunchyHook,0,127,82,Regular,,,,,,,,,,,,,,,,,,,,,,,,,,,,,,,,,,,,,
,FatSawHook,104,7,52,Regular,,,,,,,,,,,,,,,,,,,,,,,,,,,,,,,,,,,,,
,DancyHook,104,9,82,Regular,,,,,,,,,,,,,,,,,,,,,,,,,,,,,,,,,,,,,
,DanceHook,0,112,87,Regular,,,,,,,,,,,,,,,,,,,,,,,,,,,,,,,,,,,,,
,OctaveHook,0,113,87,Regular,,,,,,,,,,,,,,,,,,,,,,,,,,,,,,,,,,,,,
,TrancePerc,104,5,82,Regular,,,,,,,,,,,,,,,,,,,,,,,,,,,,,,,,,,,,,
,Chordmaster,104,13,82,Regular,,,,,,,,,,,,,,,,,,,,,,,,,,,,,,,,,,,,,
,DigitalSeq,104,2,88,Regular,,,,,,,,,,,,,,,,,,,,,,,,,,,,,,,,,,,,,
,AnalogSeq,104,3,88,Regular,,,,,,,,,,,,,,,,,,,,,,,,,,,,,,,,,,,,,
,SynthSticks,104,0,107,Regular,,,,,,,,,,,,,,,,,,,,,,,,,,,,,,,,,,,,,
,CrossPhase,104,1,102,Regular,,,,,,,,,,,,,,,,,,,,,,,,,,,,,,,,,,,,,
,PitchFall,104,0,104,Regular,,,,,,,,,,,,,,,,,,,,,,,,,,,,,,,,,,,,,
,SixthSense,104,2,102,Regular,,,,,,,,,,,,,,,,,,,,,,,,,,,,,,,,,,,,,
,Mediterrain,0,114,100,Regular,,,,,,,,,,,,,,,,,,,,,,,,,,,,,,,,,,,,,
,TimeTravel,0,116,89,Regular,,,,,,,,,,,,,,,,,,,,,,,,,,,,,,,,,,,,,
,SuperDarkPad,0,119,90,Regular,,,,,,,,,,,,,,,,,,,,,,,,,,,,,,,,,,,,,
,AnalogPad,0,120,90,Regular,,,,,,,,,,,,,,,,,,,,,,,,,,,,,,,,,,,,,
,MorningDew,104,0,95,Regular,,,,,,,,,,,,,,,,,,,,,,,,,,,,,,,,,,,,,
,GalaxyPad,104,3,89,Regular,,,,,,,,,,,,,,,,,,,,,,,,,,,,,,,,,,,,,
,NightMotion,104,4,89,Regular,,,,,,,,,,,,,,,,,,,,,,,,,,,,,,,,,,,,,
,SweetHeaven,0,118,89,Regular,,,,,,,,,,,,,,,,,,,,,,,,,,,,,,,,,,,,,
,,MSB,LSB,"PC#
(1-128)",,,,,,,,,,,,,,,,,,,,,,,,,,,,,,,,,,,,,,
Synth & Pad,DreamHeaven,0,121,89,Regular,,,,,,,,,,,,,,,,,,,,,,,,,,,,,,,,,,,,,
,BellHeaven,0,119,89,Regular,,,,,,,,,,,,,,,,,,,,,,,,,,,,,,,,,,,,,
,PanHeaven,0,120,89,Regular,,,,,,,,,,,,,,,,,,,,,,,,,,,,,,,,,,,,,
,ProHeaven,0,122,89,Regular,,,,,,,,,,,,,,,,,,,,,,,,,,,,,,,,,,,,,
,PWM Lead,104,1,82,Regular,,,,,,,,,,,,,,,,,,,,,,,,,,,,,,,,,,,,,
,HipaLead,0,118,85,Regular,,,,,,,,,,,,,,,,,,,,,,,,,,,,,,,,,,,,,
,CryingLead,0,114,88,Regular,,,,,,,,,,,,,,,,,,,,,,,,,,,,,,,,,,,,,
,VinalogSaw,104,3,82,Regular,,,,,,,,,,,,,,,,,,,,,,,,,,,,,,,,,,,,,
,Skyline,0,115,85,Regular,,,,,,,,,,,,,,,,,,,,,,,,,,,,,,,,,,,,,
,HeavenBell,104,0,101,Regular,,,,,,,,,,,,,,,,,,,,,,,,,,,,,,,,,,,,,
,BrightPadBell,104,7,89,Regular,,,,,,,,,,,,,,,,,,,,,,,,,,,,,,,,,,,,,
,TranceSeq1,104,4,88,Regular,,,,,,,,,,,,,,,,,,,,,,,,,,,,,,,,,,,,,
,TranceSeq2,104,5,88,Regular,,,,,,,,,,,,,,,,,,,,,,,,,,,,,,,,,,,,,
,TranceSeq3,104,1,91,Regular,,,,,,,,,,,,,,,,,,,,,,,,,,,,,,,,,,,,,
,PercSeqFS,104,6,88,Regular,,,,,,,,,,,,,,,,,,,,,,,,,,,,,,,,,,,,,
,PercSeqFM1,104,7,88,Regular,,,,,,,,,,,,,,,,,,,,,,,,,,,,,,,,,,,,,
,PercSeqFM2,104,8,88,Regular,,,,,,,,,,,,,,,,,,,,,,,,,,,,,,,,,,,,,
,PercSeqSaw,104,11,82,Regular,,,,,,,,,,,,,,,,,,,,,,,,,,,,,,,,,,,,,
,PercSeqHipa,104,9,88,Regular,,,,,,,,,,,,,,,,,,,,,,,,,,,,,,,,,,,,,
,SazFeeze,104,0,98,Regular,,,,,,,,,,,,,,,,,,,,,,,,,,,,,,,,,,,,,
,EasternAir,104,1,98,Regular,,,,,,,,,,,,,,,,,,,,,,,,,,,,,,,,,,,,,
,HotSwell,104,2,96,Regular,,,,,,,,,,,,,,,,,,,,,,,,,,,,,,,,,,,,,
,PearlsPad,104,2,89,Regular,,,,,,,,,,,,,,,,,,,,,,,,,,,,,,,,,,,,,
,BreathPad,104,0,92,Regular,,,,,,,,,,,,,,,,,,,,,,,,,,,,,,,,,,,,,
,LightPad,104,2,52,Regular,,,,,,,,,,,,,,,,,,,,,,,,,,,,,,,,,,,,,
,NylonPad,104,0,100,Regular,,,,,,,,,,,,,,,,,,,,,,,,,,,,,,,,,,,,,
,PremiumPad,104,0,52,Regular,,,,,,,,,,,,,,,,,,,,,,,,,,,,,,,,,,,,,
,SpaceRider,104,1,96,Regular,,,,,,,,,,,,,,,,,,,,,,,,,,,,,,,,,,,,,
,NobleMan,104,1,89,Regular,,,,,,,,,,,,,,,,,,,,,,,,,,,,,,,,,,,,,
,DouxFlange,104,3,96,Regular,,,,,,,,,,,,,,,,,,,,,,,,,,,,,,,,,,,,,
,MagicBell,8,32,121,S.Art!,,,,,,,,,,,,,,,,,,,,,,,,,,,,,,,,,,,,,
,,MSB,LSB,"PC#
(1-128)",,,,,,,,,,,,,,,,,,,,,,,,,,,,,,,,,,,,,,
Piano,ConcertGrand,0,115,1,Live!,,,,,,,,,,,,,,,,,,,,,,,,,,,,,,,,,,,,,
,PopGrand,104,5,1,Live!,,,,,,,,,,,,,,,,,,,,,,,,,,,,,,,,,,,,,
,RockPiano,104,4,1,Live!,,,,,,,,,,,,,,,,,,,,,,,,,,,,,,,,,,,,,
,AmbientPiano,104,3,1,Live!,,,,,,,,,,,,,,,,,,,,,,,,,,,,,,,,,,,,,
,CocktailPiano,104,0,4,Live!,,,,,,,,,,,,,,,,,,,,,,,,,,,,,,,,,,,,,
,GrandPiano,0,113,1,Live!,,,,,,,,,,,,,,,,,,,,,,,,,,,,,,,,,,,,,
,BrightPiano,0,112,2,Live!,,,,,,,,,,,,,,,,,,,,,,,,,,,,,,,,,,,,,
,MIDI Grand,0,112,3,Regular,,,,,,,,,,,,,,,,,,,,,,,,,,,,,,,,,,,,,
,Harpsichord,0,112,7,Live!,,,,,,,,,,,,,,,,,,,,,,,,,,,,,,,,,,,,,
E.Piano,HyperTines,0,113,6,Regular,,,,,,,,,,,,,,,,,,,,,,,,,,,,,,,,,,,,,
,ModernEP,0,115,6,Regular,,,,,,,,,,,,,,,,,,,,,,,,,,,,,,,,,,,,,
,DX Modern,0,112,6,Regular,,,,,,,,,,,,,,,,,,,,,,,,,,,,,,,,,,,,,
,StereoClavi,0,114,8,Regular,,,,,,,,,,,,,,,,,,,,,,,,,,,,,,,,,,,,,
Organ,Kinura8',0,123,17,Regular,,,,,,,,,,,,,,,,,,,,,,,,,,,,,,,,,,,,,
,Trumpet16'&8',0,124,18,Regular,,,,,,,,,,,,,,,,,,,,,,,,,,,,,,,,,,,,,
,Trumpet8',0,124,17,Regular,,,,,,,,,,,,,,,,,,,,,,,,,,,,,,,,,,,,,
,AllBarsOutSlow,104,1,19,Cool!,,,,,,,,,,,,,,,,,,,,,,,,,,,,,,,,,,,,,
,AllBarsOutFast,104,0,19,Cool!,,,,,,,,,,,,,,,,,,,,,,,,,,,,,,,,,,,,,
,AllBarsPhase,104,2,19,Cool!,,,,,,,,,,,,,,,,,,,,,,,,,,,,,,,,,,,,,
,WhiterBarsSlow,104,1,18,Cool!,,,,,,,,,,,,,,,,,,,,,,,,,,,,,,,,,,,,,
,WhiterBarsFast,104,0,18,Cool!,,,,,,,,,,,,,,,,,,,,,,,,,,,,,,,,,,,,,
,PercOrgan,0,119,18,Regular,,,,,,,,,,,,,,,,,,,,,,,,,,,,,,,,,,,,,
,RotarySwitch,0,110,18,Cool!,,,,,,,,,,,,,,,,,,,,,,,,,,,,,,,,,,,,,
,JazzSlow,0,126,18,Cool!,,,,,,,,,,,,,,,,,,,,,,,,,,,,,,,,,,,,,
,JazzFast,0,127,18,Cool!,,,,,,,,,,,,,,,,,,,,,,,,,,,,,,,,,,,,,
,MellowDrawbar,0,115,18,Regular,,,,,,,,,,,,,,,,,,,,,,,,,,,,,,,,,,,,,
Accordion,Accordion,0,116,22,Regular,,,,,,,,,,,,,,,,,,,,,,,,,,,,,,,,,,,,,
,MusetteAccordion,0,112,22,Regular,,,,,,,,,,,,,,,,,,,,,,,,,,,,,,,,,,,,,
,TuttiAccordion,0,113,22,Regular,,,,,,,,,,,,,,,,,,,,,,,,,,,,,,,,,,,,,
A.Guitar,ClassicalGuitar,0,115,25,Live!,,,,,,,,,,,,,,,,,,,,,,,,,,,,,,,,,,,,,
,NylonMute,0,119,25,Live!,,,,,,,,,,,,,,,,,,,,,,,,,,,,,,,,,,,,,
,SteelMute,0,120,26,Live!,,,,,,,,,,,,,,,,,,,,,,,,,,,,,,,,,,,,,
,SteelGuitarSlide,0,118,26,Live!,,,,,,,,,,,,,,,,,,,,,,,,,,,,,,,,,,,,,
,SteelGuitar,0,117,26,Live!,,,,,,,,,,,,,,,,,,,,,,,,,,,,,,,,,,,,,
,,MSB,LSB,"PC#
(1-128)",,,,,,,,,,,,,,,,,,,,,,,,,,,,,,,,,,,,,,
E.Guitar,60sCleanGuitar,0,117,28,Regular,,,,,,,,,,,,,,,,,,,,,,,,,,,,,,,,,,,,,
,BalladSolid,0,109,28,Cool!,,,,,,,,,,,,,,,,,,,,,,,,,,,,,,,,,,,,,
,ChorusSolid,0,107,28,Cool!,,,,,,,,,,,,,,,,,,,,,,,,,,,,,,,,,,,,,
,CleanGuitar,0,112,28,Cool!,,,,,,,,,,,,,,,,,,,,,,,,,,,,,,,,,,,,,
,DynamicMute,0,118,29,Cool!,,,,,,,,,,,,,,,,,,,,,,,,,,,,,,,,,,,,,
,ElectricGuitar,0,114,29,Cool!,,,,,,,,,,,,,,,,,,,,,,,,,,,,,,,,,,,,,
,Electric12String,0,119,28,Regular,,,,,,,,,,,,,,,,,,,,,,,,,,,,,,,,,,,,,
,FunkGuitar,0,116,29,Cool!,,,,,,,,,,,,,,,,,,,,,,,,,,,,,,,,,,,,,
,MutedGuitar,0,119,29,Cool!,,,,,,,,,,,,,,,,,,,,,,,,,,,,,,,,,,,,,
,Slapback,104,0,28,Cool!,,,,,,,,,,,,,,,,,,,,,,,,,,,,,,,,,,,,,
,SlapSolid,0,108,28,Cool!,,,,,,,,,,,,,,,,,,,,,,,,,,,,,,,,,,,,,
,SlideSolid,0,110,28,Cool!,,,,,,,,,,,,,,,,,,,,,,,,,,,,,,,,,,,,,
,VintageMuteEcho,0,115,29,Regular,,,,,,,,,,,,,,,,,,,,,,,,,,,,,,,,,,,,,
,VintageOpen,0,123,28,Regular,,,,,,,,,,,,,,,,,,,,,,,,,,,,,,,,,,,,,
,VintageStrum,0,126,28,Regular,,,,,,,,,,,,,,,,,,,,,,,,,,,,,,,,,,,,,
,WahGuitar,0,122,28,Regular,,,,,,,,,,,,,,,,,,,,,,,,,,,,,,,,,,,,,
,JazzGuitar,0,115,27,Cool!,,,,,,,,,,,,,,,,,,,,,,,,,,,,,,,,,,,,,
,OctaveGuitar,0,113,27,Regular,,,,,,,,,,,,,,,,,,,,,,,,,,,,,,,,,,,,,
,FeedbackGuitar,0,113,30,Regular,,,,,,,,,,,,,,,,,,,,,,,,,,,,,,,,,,,,,
,HeavyStack,0,114,31,Regular,,,,,,,,,,,,,,,,,,,,,,,,,,,,,,,,,,,,,
,PowerLead,0,115,31,Cool!,,,,,,,,,,,,,,,,,,,,,,,,,,,,,,,,,,,,,
,SmoothLead,0,119,27,Regular,,,,,,,,,,,,,,,,,,,,,,,,,,,,,,,,,,,,,
,VintageLead,0,125,28,Cool!,,,,,,,,,,,,,,,,,,,,,,,,,,,,,,,,,,,,,
,VintageAmp,0,115,30,Regular,,,,,,,,,,,,,,,,,,,,,,,,,,,,,,,,,,,,,
,AlohaGuitar,0,118,27,Regular,,,,,,,,,,,,,,,,,,,,,,,,,,,,,,,,,,,,,
,PedalSteel,0,115,28,Regular,,,,,,,,,,,,,,,,,,,,,,,,,,,,,,,,,,,,,
Bass,Bass&Cymbal,0,114,33,Regular,,,,,,,,,,,,,,,,,,,,,,,,,,,,,,,,,,,,,
,SuperFretless,0,113,36,Regular,,,,,,,,,,,,,,,,,,,,,,,,,,,,,,,,,,,,,
,FunkBass,0,112,38,Regular,,,,,,,,,,,,,,,,,,,,,,,,,,,,,,,,,,,,,
,FusionBass,0,113,37,Regular,,,,,,,,,,,,,,,,,,,,,,,,,,,,,,,,,,,,,
,PickBass,0,112,35,Regular,,,,,,,,,,,,,,,,,,,,,,,,,,,,,,,,,,,,,
,RockBass,0,114,35,Regular,,,,,,,,,,,,,,,,,,,,,,,,,,,,,,,,,,,,,
,HalfMute,0,115,34,Cool!,,,,,,,,,,,,,,,,,,,,,,,,,,,,,,,,,,,,,
,BalladBass,104,7,40,Regular,,,,,,,,,,,,,,,,,,,,,,,,,,,,,,,,,,,,,
,BigDrone,0,118,39,Regular,,,,,,,,,,,,,,,,,,,,,,,,,,,,,,,,,,,,,
,DrySynthBass,0,116,40,Regular,,,,,,,,,,,,,,,,,,,,,,,,,,,,,,,,,,,,,
,HardBass,0,114,39,Regular,,,,,,,,,,,,,,,,,,,,,,,,,,,,,,,,,,,,,
,HouseBass,0,116,39,Regular,,,,,,,,,,,,,,,,,,,,,,,,,,,,,,,,,,,,,
,MiniSub,104,6,40,Regular,,,,,,,,,,,,,,,,,,,,,,,,,,,,,,,,,,,,,
,PercPunch,104,8,39,Regular,,,,,,,,,,,,,,,,,,,,,,,,,,,,,,,,,,,,,
,PunchyBass,0,117,39,Regular,,,,,,,,,,,,,,,,,,,,,,,,,,,,,,,,,,,,,
,ResonanceBass,0,112,39,Regular,,,,,,,,,,,,,,,,,,,,,,,,,,,,,,,,,,,,,
,SquareBass,104,4,40,Regular,,,,,,,,,,,,,,,,,,,,,,,,,,,,,,,,,,,,,
,SubBass,0,114,40,Regular,,,,,,,,,,,,,,,,,,,,,,,,,,,,,,,,,,,,,
,TB Bass,0,117,40,Regular,,,,,,,,,,,,,,,,,,,,,,,,,,,,,,,,,,,,,
,VelocityMaster,104,17,82,Regular,,,,,,,,,,,,,,,,,,,,,,,,,,,,,,,,,,,,,
Strings,SoloViolin,0,112,41,Regular,,,,,,,,,,,,,,,,,,,,,,,,,,,,,,,,,,,,,
,Fiddle,0,112,111,Regular,,,,,,,,,,,,,,,,,,,,,,,,,,,,,,,,,,,,,
,DynamicStrings,0,124,49,Live!,,,,,,,,,,,,,,,,,,,,,,,,,,,,,,,,,,,,,
,StringFalls,0,121,49,Live!,,,,,,,,,,,,,,,,,,,,,,,,,,,,,,,,,,,,,
,Spiccato,0,120,49,Live!,,,,,,,,,,,,,,,,,,,,,,,,,,,,,,,,,,,,,
,Pizzicato,0,112,46,Regular,,,,,,,,,,,,,,,,,,,,,,,,,,,,,,,,,,,,,
,Strings,0,112,49,Regular,,,,,,,,,,,,,,,,,,,,,,,,,,,,,,,,,,,,,
,SymphonicUnison,104,0,50,Regular,,,,,,,,,,,,,,,,,,,,,,,,,,,,,,,,,,,,,
,TheatreOrchestra,104,1,50,Regular,,,,,,,,,,,,,,,,,,,,,,,,,,,,,,,,,,,,,
,Orchestra&Oboe,0,121,50,Regular,,,,,,,,,,,,,,,,,,,,,,,,,,,,,,,,,,,,,
,Orchestra&Flute,0,119,50,Regular,,,,,,,,,,,,,,,,,,,,,,,,,,,,,,,,,,,,,
,Orchestra&Horns,0,118,50,Regular,,,,,,,,,,,,,,,,,,,,,,,,,,,,,,,,,,,,,
Brass,GoldenTrumpet,0,122,57,Sweet!,,,,,,,,,,,,,,,,,,,,,,,,,,,,,,,,,,,,,
,MellowTrumpet,0,120,57,Sweet!,,,,,,,,,,,,,,,,,,,,,,,,,,,,,,,,,,,,,
,SilverTrumpet,0,121,57,Sweet!,,,,,,,,,,,,,,,,,,,,,,,,,,,,,,,,,,,,,
,Trumpet,0,115,57,Sweet!,,,,,,,,,,,,,,,,,,,,,,,,,,,,,,,,,,,,,
,MutedTrumpet,0,112,60,Regular,,,,,,,,,,,,,,,,,,,,,,,,,,,,,,,,,,,,,
,SmoothTrombone,0,118,58,Regular,,,,,,,,,,,,,,,,,,,,,,,,,,,,,,,,,,,,,
,SoloTrombone,0,112,58,Regular,,,,,,,,,,,,,,,,,,,,,,,,,,,,,,,,,,,,,
,TromboneSection,0,113,58,Regular,,,,,,,,,,,,,,,,,,,,,,,,,,,,,,,,,,,,,
,Tuba2,0,112,59,Regular,,,,,,,,,,,,,,,,,,,,,,,,,,,,,,,,,,,,,
,AccentBrass,0,109,62,Live!,,,,,,,,,,,,,,,,,,,,,,,,,,,,,,,,,,,,,
,BrassBand,0,123,57,Live!,,,,,,,,,,,,,,,,,,,,,,,,,,,,,,,,,,,,,
,BrassCombo,0,115,67,Regular,,,,,,,,,,,,,,,,,,,,,,,,,,,,,,,,,,,,,
,,MSB,LSB,"PC#
(1-128)",,,,,,,,,,,,,,,,,,,,,,,,,,,,,,,,,,,,,,
Brass,BrassDynamics,0,106,62,Live!,,,,,,,,,,,,,,,,,,,,,,,,,,,,,,,,,,,,,
,BrassSection,0,112,62,Regular,,,,,,,,,,,,,,,,,,,,,,,,,,,,,,,,,,,,,
,HyperBrass,0,118,63,Live!,,,,,,,,,,,,,,,,,,,,,,,,,,,,,,,,,,,,,
,OctaveBrass,0,116,63,Live!,,,,,,,,,,,,,,,,,,,,,,,,,,,,,,,,,,,,,
,PopBrass,0,117,63,Live!,,,,,,,,,,,,,,,,,,,,,,,,,,,,,,,,,,,,,
,SoftBrass,0,123,62,Regular,,,,,,,,,,,,,,,,,,,,,,,,,,,,,,,,,,,,,
,Sforzando,0,105,62,Live!,,,,,,,,,,,,,,,,,,,,,,,,,,,,,,,,,,,,,
,SforzandoFall,0,107,62,Live!,,,,,,,,,,,,,,,,,,,,,,,,,,,,,,,,,,,,,
,SmallBrass,0,120,61,Live!,,,,,,,,,,,,,,,,,,,,,,,,,,,,,,,,,,,,,
,OberHorns,0,115,64,Regular,,,,,,,,,,,,,,,,,,,,,,,,,,,,,,,,,,,,,
,TechnoBrass,0,114,63,Regular,,,,,,,,,,,,,,,,,,,,,,,,,,,,,,,,,,,,,
Woodwind,SopranoSax,0,112,65,Regular,,,,,,,,,,,,,,,,,,,,,,,,,,,,,,,,,,,,,
,TenorSax,0,112,67,Regular,,,,,,,,,,,,,,,,,,,,,,,,,,,,,,,,,,,,,
,BalladTenor,0,126,67,Sweet!,,,,,,,,,,,,,,,,,,,,,,,,,,,,,,,,,,,,,
,BigBandSax,8,35,83,S.Art!,,,,,,,,,,,,,,,,,,,,,,,,,,,,,,,,,,,,,
,GrowlSax,0,111,67,Sweet!,,,,,,,,,,,,,,,,,,,,,,,,,,,,,,,,,,,,,
,SweetTenorSax,0,125,67,Sweet!,,,,,,,,,,,,,,,,,,,,,,,,,,,,,,,,,,,,,
,PopTenor,0,127,67,Sweet!,,,,,,,,,,,,,,,,,,,,,,,,,,,,,,,,,,,,,
,BreathyTenorSax,0,117,67,Sweet!,,,,,,,,,,,,,,,,,,,,,,,,,,,,,,,,,,,,,
,ClassicalFlute,0,115,74,Sweet!,,,,,,,,,,,,,,,,,,,,,,,,,,,,,,,,,,,,,
,ClassicalOboe,0,113,69,Sweet!,,,,,,,,,,,,,,,,,,,,,,,,,,,,,,,,,,,,,
,JazzClarinet,0,114,72,Sweet!,,,,,,,,,,,,,,,,,,,,,,,,,,,,,,,,,,,,,
,Bassoon,0,112,71,Regular,,,,,,,,,,,,,,,,,,,,,,,,,,,,,,,,,,,,,
,SaxStack,0,124,67,Regular,,,,,,,,,,,,,,,,,,,,,,,,,,,,,,,,,,,,,
,SaxyMood,0,120,67,Regular,,,,,,,,,,,,,,,,,,,,,,,,,,,,,,,,,,,,,
,FluteEnsemble,0,116,74,Regular,,,,,,,,,,,,,,,,,,,,,,,,,,,,,,,,,,,,,
,DoubleReeds,104,2,69,Regular,,,,,,,,,,,,,,,,,,,,,,,,,,,,,,,,,,,,,
,WoodwindsEns,0,113,67,Regular,,,,,,,,,,,,,,,,,,,,,,,,,,,,,,,,,,,,,
Choir,AirChoir,0,112,55,Regular,,,,,,,,,,,,,,,,,,,,,,,,,,,,,,,,,,,,,
,UuhChoir,0,115,53,Regular,,,,,,,,,,,,,,,,,,,,,,,,,,,,,,,,,,,,,
,Choir,0,112,53,Regular,,,,,,,,,,,,,,,,,,,,,,,,,,,,,,,,,,,,,
Synth,AeroLead,0,112,84,Regular,,,,,,,,,,,,,,,,,,,,,,,,,,,,,,,,,,,,,
,Analogon,0,115,82,Regular,,,,,,,,,,,,,,,,,,,,,,,,,,,,,,,,,,,,,
,AttackSaw,0,126,82,Regular,,,,,,,,,,,,,,,,,,,,,,,,,,,,,,,,,,,,,
,BigLead,0,113,82,Regular,,,,,,,,,,,,,,,,,,,,,,,,,,,,,,,,,,,,,
,Blaster,0,114,82,Regular,,,,,,,,,,,,,,,,,,,,,,,,,,,,,,,,,,,,,
,BleepLead,104,0,85,Regular,,,,,,,,,,,,,,,,,,,,,,,,,,,,,,,,,,,,,
,BrassyLead,104,5,63,Regular,,,,,,,,,,,,,,,,,,,,,,,,,,,,,,,,,,,,,
,ChorusSawLead,104,10,82,Regular,,,,,,,,,,,,,,,,,,,,,,,,,,,,,,,,,,,,,
,Fargo,0,119,82,Regular,,,,,,,,,,,,,,,,,,,,,,,,,,,,,,,,,,,,,
,FireWire,0,116,82,Regular,,,,,,,,,,,,,,,,,,,,,,,,,,,,,,,,,,,,,
,FlangeFilter,104,2,82,Regular,,,,,,,,,,,,,,,,,,,,,,,,,,,,,,,,,,,,,
,FusionLead,104,15,82,Regular,,,,,,,,,,,,,,,,,,,,,,,,,,,,,,,,,,,,,
,HipLead,0,113,81,Regular,,,,,,,,,,,,,,,,,,,,,,,,,,,,,,,,,,,,,
,HopLead,0,117,81,Regular,,,,,,,,,,,,,,,,,,,,,,,,,,,,,,,,,,,,,
,OrbitSine,0,126,81,Regular,,,,,,,,,,,,,,,,,,,,,,,,,,,,,,,,,,,,,
,PanLead,0,122,81,Regular,,,,,,,,,,,,,,,,,,,,,,,,,,,,,,,,,,,,,
,Portatone,0,112,85,Regular,,,,,,,,,,,,,,,,,,,,,,,,,,,,,,,,,,,,,
,SawLead,0,112,82,Regular,,,,,,,,,,,,,,,,,,,,,,,,,,,,,,,,,,,,,
,SoftMini,0,124,81,Regular,,,,,,,,,,,,,,,,,,,,,,,,,,,,,,,,,,,,,
,SoftSaw,104,16,82,Regular,,,,,,,,,,,,,,,,,,,,,,,,,,,,,,,,,,,,,
,SquareLead,0,112,81,Regular,,,,,,,,,,,,,,,,,,,,,,,,,,,,,,,,,,,,,
,SubLead,104,0,81,Regular,,,,,,,,,,,,,,,,,,,,,,,,,,,,,,,,,,,,,
,TalkModLead,104,0,88,Regular,,,,,,,,,,,,,,,,,,,,,,,,,,,,,,,,,,,,,
,TechLead,0,117,85,Regular,,,,,,,,,,,,,,,,,,,,,,,,,,,,,,,,,,,,,
,Tekkline,0,116,85,Regular,,,,,,,,,,,,,,,,,,,,,,,,,,,,,,,,,,,,,
,TranceLead,0,121,81,Regular,,,,,,,,,,,,,,,,,,,,,,,,,,,,,,,,,,,,,
,VinylLead,0,115,81,Regular,,,,,,,,,,,,,,,,,,,,,,,,,,,,,,,,,,,,,
,Warp,0,117,82,Regular,,,,,,,,,,,,,,,,,,,,,,,,,,,,,,,,,,,,,
,Adrenaline,0,113,85,Regular,,,,,,,,,,,,,,,,,,,,,,,,,,,,,,,,,,,,,
,Attack,104,4,82,Regular,,,,,,,,,,,,,,,,,,,,,,,,,,,,,,,,,,,,,
,Impact,0,113,88,Regular,,,,,,,,,,,,,,,,,,,,,,,,,,,,,,,,,,,,,
,Nomad,104,1,105,Regular,,,,,,,,,,,,,,,,,,,,,,,,,,,,,,,,,,,,,
,PercSquare,0,123,81,Regular,,,,,,,,,,,,,,,,,,,,,,,,,,,,,,,,,,,,,
,PWM Percussion,104,6,82,Regular,,,,,,,,,,,,,,,,,,,,,,,,,,,,,,,,,,,,,
,ResonantClavi,104,2,91,Regular,,,,,,,,,,,,,,,,,,,,,,,,,,,,,,,,,,,,,
,Stardust,0,112,99,Regular,,,,,,,,,,,,,,,,,,,,,,,,,,,,,,,,,,,,,
,NiceBell,104,9,89,Regular,,,,,,,,,,,,,,,,,,,,,,,,,,,,,,,,,,,,,
,StackBell,104,8,89,Regular,,,,,,,,,,,,,,,,,,,,,,,,,,,,,,,,,,,,,
,StringBells,0,124,89,Regular,,,,,,,,,,,,,,,,,,,,,,,,,,,,,,,,,,,,,
,,MSB,LSB,"PC#
(1-128)",,,,,,,,,,,,,,,,,,,,,,,,,,,,,,,,,,,,,,
Synth,SunBell,0,113,99,Regular,,,,,,,,,,,,,,,,,,,,,,,,,,,,,,,,,,,,,
,Xtune,104,1,88,Regular,,,,,,,,,,,,,,,,,,,,,,,,,,,,,,,,,,,,,
,Aerosphere,104,1,95,Regular,,,,,,,,,,,,,,,,,,,,,,,,,,,,,,,,,,,,,
,AnaDayz,104,3,52,Regular,,,,,,,,,,,,,,,,,,,,,,,,,,,,,,,,,,,,,
,Bellsphere,104,5,89,Regular,,,,,,,,,,,,,,,,,,,,,,,,,,,,,,,,,,,,,
,BrightPadTrance,104,4,91,Regular,,,,,,,,,,,,,,,,,,,,,,,,,,,,,,,,,,,,,
,Bubblespace,0,113,102,Regular,,,,,,,,,,,,,,,,,,,,,,,,,,,,,,,,,,,,,
,ChillinChords,104,6,52,Regular,,,,,,,,,,,,,,,,,,,,,,,,,,,,,,,,,,,,,
,HipaStrings,0,114,96,Regular,,,,,,,,,,,,,,,,,,,,,,,,,,,,,,,,,,,,,
,S&H Groove,0,115,102,Regular,,,,,,,,,,,,,,,,,,,,,,,,,,,,,,,,,,,,,
,Sirius,0,114,102,Regular,,,,,,,,,,,,,,,,,,,,,,,,,,,,,,,,,,,,,
,SoftEnsemble,104,1,51,Regular,,,,,,,,,,,,,,,,,,,,,,,,,,,,,,,,,,,,,
,TechGlide,104,14,82,Regular,,,,,,,,,,,,,,,,,,,,,,,,,,,,,,,,,,,,,
Pad,80sPad,104,1,52,Regular,,,,,,,,,,,,,,,,,,,,,,,,,,,,,,,,,,,,,
,AmbientPad,104,0,89,Regular,,,,,,,,,,,,,,,,,,,,,,,,,,,,,,,,,,,,,
,AnalogSwell,0,119,96,Regular,,,,,,,,,,,,,,,,,,,,,,,,,,,,,,,,,,,,,
,BigOctavePad,0,115,91,Regular,,,,,,,,,,,,,,,,,,,,,,,,,,,,,,,,,,,,,
,BrightOber,0,113,96,Regular,,,,,,,,,,,,,,,,,,,,,,,,,,,,,,,,,,,,,
,BrightPadClassic,104,3,91,Regular,,,,,,,,,,,,,,,,,,,,,,,,,,,,,,,,,,,,,
,BrightPopPad,104,3,51,Regular,,,,,,,,,,,,,,,,,,,,,,,,,,,,,,,,,,,,,
,BrightSawPad,0,113,91,Regular,,,,,,,,,,,,,,,,,,,,,,,,,,,,,,,,,,,,,
,CyberPad,0,113,100,Regular,,,,,,,,,,,,,,,,,,,,,,,,,,,,,,,,,,,,,
,DarkAngelPad,0,121,90,Regular,,,,,,,,,,,,,,,,,,,,,,,,,,,,,,,,,,,,,
,DarkLight,104,3,90,Regular,,,,,,,,,,,,,,,,,,,,,,,,,,,,,,,,,,,,,
,DarkPad,0,118,96,Regular,,,,,,,,,,,,,,,,,,,,,,,,,,,,,,,,,,,,,
,EarlyDigital,104,0,94,Regular,,,,,,,,,,,,,,,,,,,,,,,,,,,,,,,,,,,,,
,GloriousPhase,0,114,91,Regular,,,,,,,,,,,,,,,,,,,,,,,,,,,,,,,,,,,,,
,GoldenAge,0,115,89,Regular,,,,,,,,,,,,,,,,,,,,,,,,,,,,,,,,,,,,,
,HahPad,0,116,95,Regular,,,,,,,,,,,,,,,,,,,,,,,,,,,,,,,,,,,,,
,Insomnia,0,113,95,Regular,,,,,,,,,,,,,,,,,,,,,,,,,,,,,,,,,,,,,
,LitePad,0,122,90,Regular,,,,,,,,,,,,,,,,,,,,,,,,,,,,,,,,,,,,,
,MediumTunePad,104,0,51,Regular,,,,,,,,,,,,,,,,,,,,,,,,,,,,,,,,,,,,,
,MellowPad,0,117,96,Regular,,,,,,,,,,,,,,,,,,,,,,,,,,,,,,,,,,,,,
,Millennium,0,117,89,Regular,,,,,,,,,,,,,,,,,,,,,,,,,,,,,,,,,,,,,
,NeoWarmPad,0,115,90,Regular,,,,,,,,,,,,,,,,,,,,,,,,,,,,,,,,,,,,,
,OberSweep,0,115,96,Regular,,,,,,,,,,,,,,,,,,,,,,,,,,,,,,,,,,,,,
,OctaveStrings,104,4,51,Regular,,,,,,,,,,,,,,,,,,,,,,,,,,,,,,,,,,,,,
,PercPad,104,0,102,Regular,,,,,,,,,,,,,,,,,,,,,,,,,,,,,,,,,,,,,
,PopPad,0,112,91,Regular,,,,,,,,,,,,,,,,,,,,,,,,,,,,,,,,,,,,,
,Skydiver,0,112,102,Regular,,,,,,,,,,,,,,,,,,,,,,,,,,,,,,,,,,,,,
,Solaris,0,114,95,Regular,,,,,,,,,,,,,,,,,,,,,,,,,,,,,,,,,,,,,
,Sunbeam,0,123,89,Regular,,,,,,,,,,,,,,,,,,,,,,,,,,,,,,,,,,,,,
,Trance,104,0,96,Regular,,,,,,,,,,,,,,,,,,,,,,,,,,,,,,,,,,,,,
,Wave2001,0,112,96,Regular,,,,,,,,,,,,,,,,,,,,,,,,,,,,,,,,,,,,,
DrumKit,StandardKit1,127,0,1,Live!Drums,,,,,,,,,,,,,,,,,,,,,,,,,,,,,,,,,,,,,
,StandardKit2,127,0,2,Live!Drums,,,,,,,,,,,,,,,,,,,,,,,,,,,,,,,,,,,,,
,RockKit,127,0,17,Drums,,,,,,,,,,,,,,,,,,,,,,,,,,,,,,,,,,,,,
,,MSB,LSB,"PC#
(1-128)",,,,,,,,,,,,,,,,,,,,,,,,,,,,,,,,,,,,,,
Bass,FretlessBass,8,0,20,MegaVoice,,,,,,,,,,,,,,,,,,,,,,,,,,,,,,,,,,,,,
Strings,LargeStrings,8,0,50,MegaVoice,,,,,,,,,,,,,,,,,,,,,,,,,,,,,,,,,,,,,
,SmallStrings,8,0,49,MegaVoice,,,,,,,,,,,,,,,,,,,,,,,,,,,,,,,,,,,,,
Brass,Trumpet,8,0,65,MegaVoice,,,,,,,,,,,,,,,,,,,,,,,,,,,,,,,,,,,,,
,Brass,8,0,57,MegaVoice,,,,,,,,,,,,,,,,,,,,,,,,,,,,,,,,,,,,,
Woodwind,TenorSax,8,0,83,MegaVoice,,,,,,,,,,,,,,,,,,,,,,,,,,,,,,,,,,,,,
,,MSB,LSB,"PC#
(1-128)",,,,,,,,,,,,,,,,,,,,,,,,,,,,,,,,,,,,,,
Piano,GrandPiano,0,0,1,Regular,,,,,,,,,,,,,,,,,,,,,,,,,,,,,,,,,,,,,
,GrandPno KSP,0,1,1,Regular,,,,,,,,,,,,,,,,,,,,,,,,,,,,,,,,,,,,,
,MellowGrPno,0,18,1,Regular,,,,,,,,,,,,,,,,,,,,,,,,,,,,,,,,,,,,,
,PianoStrings,0,40,1,Regular,,,,,,,,,,,,,,,,,,,,,,,,,,,,,,,,,,,,,
,Dream,0,41,1,Regular,,,,,,,,,,,,,,,,,,,,,,,,,,,,,,,,,,,,,
,BrightPiano,0,0,2,Regular,,,,,,,,,,,,,,,,,,,,,,,,,,,,,,,,,,,,,
,BrightPno KSP,0,1,2,Regular,,,,,,,,,,,,,,,,,,,,,,,,,,,,,,,,,,,,,
,E.GrandPiano,0,0,3,Regular,,,,,,,,,,,,,,,,,,,,,,,,,,,,,,,,,,,,,
,E.GrandPiano KSP,0,1,3,Regular,,,,,,,,,,,,,,,,,,,,,,,,,,,,,,,,,,,,,
,DetunedCP80,0,32,3,Regular,,,,,,,,,,,,,,,,,,,,,,,,,,,,,,,,,,,,,
,LayeredCP1,0,40,3,Regular,,,,,,,,,,,,,,,,,,,,,,,,,,,,,,,,,,,,,
,LayeredCP2,0,41,3,Regular,,,,,,,,,,,,,,,,,,,,,,,,,,,,,,,,,,,,,
,Honkytonk,0,0,4,Regular,,,,,,,,,,,,,,,,,,,,,,,,,,,,,,,,,,,,,
,Honkytonk KSP,0,1,4,Regular,,,,,,,,,,,,,,,,,,,,,,,,,,,,,,,,,,,,,
,ElectricPiano1,0,0,5,Regular,,,,,,,,,,,,,,,,,,,,,,,,,,,,,,,,,,,,,
,ElectricPiano1 KSP,0,1,5,Regular,,,,,,,,,,,,,,,,,,,,,,,,,,,,,,,,,,,,,
,MellowE.Piano,0,18,5,Regular,,,,,,,,,,,,,,,,,,,,,,,,,,,,,,,,,,,,,
,ChorusEP1,0,32,5,Regular,,,,,,,,,,,,,,,,,,,,,,,,,,,,,,,,,,,,,
,HardElectricPiano,0,40,5,Regular,,,,,,,,,,,,,,,,,,,,,,,,,,,,,,,,,,,,,
,VXfadeE.Piano1,0,45,5,Regular,,,,,,,,,,,,,,,,,,,,,,,,,,,,,,,,,,,,,
,60sE.Piano,0,64,5,Regular,,,,,,,,,,,,,,,,,,,,,,,,,,,,,,,,,,,,,
,ElectricPiano2,0,0,6,Regular,,,,,,,,,,,,,,,,,,,,,,,,,,,,,,,,,,,,,
,ElectricPiano2 KSP,0,1,6,Regular,,,,,,,,,,,,,,,,,,,,,,,,,,,,,,,,,,,,,
,ChorusEP2,0,32,6,Regular,,,,,,,,,,,,,,,,,,,,,,,,,,,,,,,,,,,,,
,DX EP Hard,0,33,6,Regular,,,,,,,,,,,,,,,,,,,,,,,,,,,,,,,,,,,,,
,DX Legend,0,34,6,Regular,,,,,,,,,,,,,,,,,,,,,,,,,,,,,,,,,,,,,
,DX PhaseEP,0,40,6,Regular,,,,,,,,,,,,,,,,,,,,,,,,,,,,,,,,,,,,,
,DX+AnalogEP,0,41,6,Regular,,,,,,,,,,,,,,,,,,,,,,,,,,,,,,,,,,,,,
,DX KotoEP,0,42,6,Regular,,,,,,,,,,,,,,,,,,,,,,,,,,,,,,,,,,,,,
,VXfadeE.Piano2,0,45,6,Regular,,,,,,,,,,,,,,,,,,,,,,,,,,,,,,,,,,,,,
,Harpsichord1,0,0,7,Regular,,,,,,,,,,,,,,,,,,,,,,,,,,,,,,,,,,,,,
,Harpsi KSP,0,1,7,Regular,,,,,,,,,,,,,,,,,,,,,,,,,,,,,,,,,,,,,
,Harpsichord2,0,25,7,Regular,,,,,,,,,,,,,,,,,,,,,,,,,,,,,,,,,,,,,
,Harpsichord3,0,35,7,Regular,,,,,,,,,,,,,,,,,,,,,,,,,,,,,,,,,,,,,
,Clavi,0,0,8,Regular,,,,,,,,,,,,,,,,,,,,,,,,,,,,,,,,,,,,,
,Clavi KSP,0,1,8,Regular,,,,,,,,,,,,,,,,,,,,,,,,,,,,,,,,,,,,,
,ClaviWah,0,27,8,Regular,,,,,,,,,,,,,,,,,,,,,,,,,,,,,,,,,,,,,
,PulseClavi,0,64,8,Regular,,,,,,,,,,,,,,,,,,,,,,,,,,,,,,,,,,,,,
,PierceClavi,0,65,8,Regular,,,,,,,,,,,,,,,,,,,,,,,,,,,,,,,,,,,,,
ChromaticPerc,Celesta,0,0,9,Regular,,,,,,,,,,,,,,,,,,,,,,,,,,,,,,,,,,,,,
,Glockenspiel,0,0,10,Regular,,,,,,,,,,,,,,,,,,,,,,,,,,,,,,,,,,,,,
,MusicBox1,0,0,11,Regular,,,,,,,,,,,,,,,,,,,,,,,,,,,,,,,,,,,,,
,MusicBox2,0,64,11,Regular,,,,,,,,,,,,,,,,,,,,,,,,,,,,,,,,,,,,,
,Vibraphone,0,0,12,Regular,,,,,,,,,,,,,,,,,,,,,,,,,,,,,,,,,,,,,
,Vibraphone KSP,0,1,12,Regular,,,,,,,,,,,,,,,,,,,,,,,,,,,,,,,,,,,,,
,HardVibes,0,45,12,Regular,,,,,,,,,,,,,,,,,,,,,,,,,,,,,,,,,,,,,
,Marimba,0,0,13,Regular,,,,,,,,,,,,,,,,,,,,,,,,,,,,,,,,,,,,,
,Marimba KSP,0,1,13,Regular,,,,,,,,,,,,,,,,,,,,,,,,,,,,,,,,,,,,,
,SineMarimba,0,64,13,Regular,,,,,,,,,,,,,,,,,,,,,,,,,,,,,,,,,,,,,
,Balimba,0,97,13,Regular,,,,,,,,,,,,,,,,,,,,,,,,,,,,,,,,,,,,,
,LogDrums,0,98,13,Regular,,,,,,,,,,,,,,,,,,,,,,,,,,,,,,,,,,,,,
,Xylophone,0,0,14,Regular,,,,,,,,,,,,,,,,,,,,,,,,,,,,,,,,,,,,,
,TubularBells,0,0,15,Regular,,,,,,,,,,,,,,,,,,,,,,,,,,,,,,,,,,,,,
,ChurchBells,0,96,15,Regular,,,,,,,,,,,,,,,,,,,,,,,,,,,,,,,,,,,,,
,Carillon,0,97,15,Regular,,,,,,,,,,,,,,,,,,,,,,,,,,,,,,,,,,,,,
,Dulcimer1,0,0,16,Regular,,,,,,,,,,,,,,,,,,,,,,,,,,,,,,,,,,,,,
,Dulcimer2,0,35,16,Regular,,,,,,,,,,,,,,,,,,,,,,,,,,,,,,,,,,,,,
,Cimbalom,0,96,16,Regular,,,,,,,,,,,,,,,,,,,,,,,,,,,,,,,,,,,,,
,,MSB,LSB,"PC#
(1-128)",,,,,,,,,,,,,,,,,,,,,,,,,,,,,,,,,,,,,,
A.Guitar,NylonGuitar,8,0,1,MegaVoice,,,,,,,,,,,,,,,,,,,,,,,,,,,,,,,,,,,,,
,12StringGuitar,8,1,3,MegaVoice,,,,,,,,,,,,,,,,,,,,,,,,,,,,,,,,,,,,,
,HiStringGuitar,8,0,3,MegaVoice,,,,,,,,,,,,,,,,,,,,,,,,,,,,,,,,,,,,,
,SteelGuitar,8,0,2,MegaVoice,,,,,,,,,,,,,,,,,,,,,,,,,,,,,,,,,,,,,
E.Guitar,CleanGuitar,8,0,4,MegaVoice,,,,,,,,,,,,,,,,,,,,,,,,,,,,,,,,,,,,,
,SingleCoilGuitar,8,3,4,MegaVoice,,,,,,,,,,,,,,,,,,,,,,,,,,,,,,,,,,,,,
,SolidGuitar1,8,1,4,MegaVoice,,,,,,,,,,,,,,,,,,,,,,,,,,,,,,,,,,,,,
,SolidGuitar2,8,2,4,MegaVoice,,,,,,,,,,,,,,,,,,,,,,,,,,,,,,,,,,,,,
,JazzGuitar,8,0,7,MegaVoice,,,,,,,,,,,,,,,,,,,,,,,,,,,,,,,,,,,,,
,DistortionGuitar,8,0,6,MegaVoice,,,,,,,,,,,,,,,,,,,,,,,,,,,,,,,,,,,,,
,OverdriveGuitar,8,0,5,MegaVoice,,,,,,,,,,,,,,,,,,,,,,,,,,,,,,,,,,,,,
Bass,AcousticBass,8,0,17,MegaVoice,,,,,,,,,,,,,,,,,,,,,,,,,,,,,,,,,,,,,
,ElectricBass,8,0,18,MegaVoice,,,,,,,,,,,,,,,,,,,,,,,,,,,,,,,,,,,,,
,PickBass,8,0,19,MegaVoice,,,,,,,,,,,,,,,,,,,,,,,,,,,,,,,,,,,,,
,VintageFlat,8,2,18,MegaVoice,,,,,,,,,,,,,,,,,,,,,,,,,,,,,,,,,,,,,
,VintagePick,8,1,19,MegaVoice,,,,,,,,,,,,,,,,,,,,,,,,,,,,,,,,,,,,,
,VintageRound,8,1,18,MegaVoice,,,,,,,,,,,,,,,,,,,,,,,,,,,,,,,,,,,,,
,,MSB,LSB,"PC#
(1-128)",,,,,,,,,,,,,,,,,,,,,,,,,,,,,,,,,,,,,,
ChromaticPerc,Santur,0,97,16,Regular,,,,,,,,,,,,,,,,,,,,,,,,,,,,,,,,,,,,,
Organ,DrawbarOrgan1,0,0,17,Regular,,,,,,,,,,,,,,,,,,,,,,,,,,,,,,,,,,,,,
,DetDrawOrgan,0,32,17,Regular,,,,,,,,,,,,,,,,,,,,,,,,,,,,,,,,,,,,,
,60sDrawOrg1,0,33,17,Regular,,,,,,,,,,,,,,,,,,,,,,,,,,,,,,,,,,,,,
,60sDrawOrg2,0,34,17,Regular,,,,,,,,,,,,,,,,,,,,,,,,,,,,,,,,,,,,,
,60sDrawOrg3,0,37,17,Regular,,,,,,,,,,,,,,,,,,,,,,,,,,,,,,,,,,,,,
,70sDrawOrg1,0,35,17,Regular,,,,,,,,,,,,,,,,,,,,,,,,,,,,,,,,,,,,,
,70sDrawOrg2,0,65,17,Regular,,,,,,,,,,,,,,,,,,,,,,,,,,,,,,,,,,,,,
,DrawbarOrg2,0,36,17,Regular,,,,,,,,,,,,,,,,,,,,,,,,,,,,,,,,,,,,,
,EvenBarOrg,0,38,17,Regular,,,,,,,,,,,,,,,,,,,,,,,,,,,,,,,,,,,,,
,16+2'2_3Org,0,40,17,Regular,,,,,,,,,,,,,,,,,,,,,,,,,,,,,,,,,,,,,
,OrganBass,0,64,17,Regular,,,,,,,,,,,,,,,,,,,,,,,,,,,,,,,,,,,,,
,CheezyOrgan,0,66,17,Regular,,,,,,,,,,,,,,,,,,,,,,,,,,,,,,,,,,,,,
,DrawbarOrg3,0,67,17,Regular,,,,,,,,,,,,,,,,,,,,,,,,,,,,,,,,,,,,,
,PercOrgan1,0,0,18,Regular,,,,,,,,,,,,,,,,,,,,,,,,,,,,,,,,,,,,,
,PercOrgan2,0,37,18,Regular,,,,,,,,,,,,,,,,,,,,,,,,,,,,,,,,,,,,,
,70sPercOrgan,0,24,18,Regular,,,,,,,,,,,,,,,,,,,,,,,,,,,,,,,,,,,,,
,DetPercOrgan,0,32,18,Regular,,,,,,,,,,,,,,,,,,,,,,,,,,,,,,,,,,,,,
,LightOrgan,0,33,18,Regular,,,,,,,,,,,,,,,,,,,,,,,,,,,,,,,,,,,,,
,RockOrgan,0,0,19,Regular,,,,,,,,,,,,,,,,,,,,,,,,,,,,,,,,,,,,,
,RotaryOrgan,0,64,19,Regular,,,,,,,,,,,,,,,,,,,,,,,,,,,,,,,,,,,,,
,SlowRotary,0,65,19,Regular,,,,,,,,,,,,,,,,,,,,,,,,,,,,,,,,,,,,,
,FastRotary,0,66,19,Regular,,,,,,,,,,,,,,,,,,,,,,,,,,,,,,,,,,,,,
,ChurchOrgan1,0,0,20,Regular,,,,,,,,,,,,,,,,,,,,,,,,,,,,,,,,,,,,,
,ChurchOrgan2,0,35,20,Regular,,,,,,,,,,,,,,,,,,,,,,,,,,,,,,,,,,,,,
,ChurchOrgan3,0,32,20,Regular,,,,,,,,,,,,,,,,,,,,,,,,,,,,,,,,,,,,,
,NotreDame,0,40,20,Regular,,,,,,,,,,,,,,,,,,,,,,,,,,,,,,,,,,,,,
,OrganFlute,0,64,20,Regular,,,,,,,,,,,,,,,,,,,,,,,,,,,,,,,,,,,,,
,TremoloOrganFlute,0,65,20,Regular,,,,,,,,,,,,,,,,,,,,,,,,,,,,,,,,,,,,,
,ReedOrgan,0,0,21,Regular,,,,,,,,,,,,,,,,,,,,,,,,,,,,,,,,,,,,,
,PuffOrgan,0,40,21,Regular,,,,,,,,,,,,,,,,,,,,,,,,,,,,,,,,,,,,,
,Accordion,0,0,22,Regular,,,,,,,,,,,,,,,,,,,,,,,,,,,,,,,,,,,,,
,Accordion Italian,0,32,22,Regular,,,,,,,,,,,,,,,,,,,,,,,,,,,,,,,,,,,,,
,Harmonica,0,0,23,Regular,,,,,,,,,,,,,,,,,,,,,,,,,,,,,,,,,,,,,
,Harmonica2,0,32,23,Regular,,,,,,,,,,,,,,,,,,,,,,,,,,,,,,,,,,,,,
,TangoAccord1,0,0,24,Regular,,,,,,,,,,,,,,,,,,,,,,,,,,,,,,,,,,,,,
,TangoAccord2,0,64,24,Regular,,,,,,,,,,,,,,,,,,,,,,,,,,,,,,,,,,,,,
Guitar,NylonGuitar1,0,0,25,Regular,,,,,,,,,,,,,,,,,,,,,,,,,,,,,,,,,,,,,
,NylonGuitar2,0,16,25,Regular,,,,,,,,,,,,,,,,,,,,,,,,,,,,,,,,,,,,,
,NylonGuitar3,0,25,25,Regular,,,,,,,,,,,,,,,,,,,,,,,,,,,,,,,,,,,,,
,VelGtrHarmo,0,43,25,Regular,,,,,,,,,,,,,,,,,,,,,,,,,,,,,,,,,,,,,
,Ukulele,0,96,25,Regular,,,,,,,,,,,,,,,,,,,,,,,,,,,,,,,,,,,,,
,SteelGuitar1,0,0,26,Regular,,,,,,,,,,,,,,,,,,,,,,,,,,,,,,,,,,,,,
,SteelGuitar2,0,16,26,Regular,,,,,,,,,,,,,,,,,,,,,,,,,,,,,,,,,,,,,
,12StrGuitar,0,35,26,Regular,,,,,,,,,,,,,,,,,,,,,,,,,,,,,,,,,,,,,
,Nylon&Steel,0,40,26,Regular,,,,,,,,,,,,,,,,,,,,,,,,,,,,,,,,,,,,,
,Steel&Body,0,41,26,Regular,,,,,,,,,,,,,,,,,,,,,,,,,,,,,,,,,,,,,
,Mandolin,0,96,26,Regular,,,,,,,,,,,,,,,,,,,,,,,,,,,,,,,,,,,,,
,JazzGuitar,0,0,27,Regular,,,,,,,,,,,,,,,,,,,,,,,,,,,,,,,,,,,,,
,MellowGuitar,0,18,27,Regular,,,,,,,,,,,,,,,,,,,,,,,,,,,,,,,,,,,,,
,JazzAmp,0,32,27,Regular,,,,,,,,,,,,,,,,,,,,,,,,,,,,,,,,,,,,,
,CleanGuitar,0,0,28,Regular,,,,,,,,,,,,,,,,,,,,,,,,,,,,,,,,,,,,,
,ChorusGuitar,0,32,28,Regular,,,,,,,,,,,,,,,,,,,,,,,,,,,,,,,,,,,,,
,MutedGuitar,0,0,29,Regular,,,,,,,,,,,,,,,,,,,,,,,,,,,,,,,,,,,,,
,FunkGuitar1,0,40,29,Regular,,,,,,,,,,,,,,,,,,,,,,,,,,,,,,,,,,,,,
,MuteSteelGtr,0,41,29,Regular,,,,,,,,,,,,,,,,,,,,,,,,,,,,,,,,,,,,,
,FunkGuitar2,0,43,29,Regular,,,,,,,,,,,,,,,,,,,,,,,,,,,,,,,,,,,,,
,JazzMan,0,45,29,Regular,,,,,,,,,,,,,,,,,,,,,,,,,,,,,,,,,,,,,
,Overdriven,0,0,30,Regular,,,,,,,,,,,,,,,,,,,,,,,,,,,,,,,,,,,,,
,GuitarPinch,0,43,30,Regular,,,,,,,,,,,,,,,,,,,,,,,,,,,,,,,,,,,,,
,Distortion,0,0,31,Regular,,,,,,,,,,,,,,,,,,,,,,,,,,,,,,,,,,,,,
,FeedbackGuitar1,0,40,31,Regular,,,,,,,,,,,,,,,,,,,,,,,,,,,,,,,,,,,,,
,FeedbackGuitar2,0,41,31,Regular,,,,,,,,,,,,,,,,,,,,,,,,,,,,,,,,,,,,,
,GuitarHarmonics1,0,0,32,Regular,,,,,,,,,,,,,,,,,,,,,,,,,,,,,,,,,,,,,
,GtrFeedback,0,65,32,Regular,,,,,,,,,,,,,,,,,,,,,,,,,,,,,,,,,,,,,
,GuitarHarmonics2,0,66,32,Regular,,,,,,,,,,,,,,,,,,,,,,,,,,,,,,,,,,,,,
Bass,AcousticBass,0,0,33,Regular,,,,,,,,,,,,,,,,,,,,,,,,,,,,,,,,,,,,,
,JazzRhythm,0,40,33,Regular,,,,,,,,,,,,,,,,,,,,,,,,,,,,,,,,,,,,,
,VXUprghtBass,0,45,33,Regular,,,,,,,,,,,,,,,,,,,,,,,,,,,,,,,,,,,,,
,FingerBass,0,0,34,Regular,,,,,,,,,,,,,,,,,,,,,,,,,,,,,,,,,,,,,
,,MSB,LSB,"PC#
(1-128)",,,,,,,,,,,,,,,,,,,,,,,,,,,,,,,,,,,,,,
Bass,FingerDark,0,18,34,Regular,,,,,,,,,,,,,,,,,,,,,,,,,,,,,,,,,,,,,
,FlangeBass,0,27,34,Regular,,,,,,,,,,,,,,,,,,,,,,,,,,,,,,,,,,,,,
,Bass&DistEG,0,40,34,Regular,,,,,,,,,,,,,,,,,,,,,,,,,,,,,,,,,,,,,
,FingerSlap,0,43,34,Regular,,,,,,,,,,,,,,,,,,,,,,,,,,,,,,,,,,,,,
,FingerBass2,0,45,34,Regular,,,,,,,,,,,,,,,,,,,,,,,,,,,,,,,,,,,,,
,ModulatedBass,0,65,34,Regular,,,,,,,,,,,,,,,,,,,,,,,,,,,,,,,,,,,,,
,PickBass,0,0,35,Regular,,,,,,,,,,,,,,,,,,,,,,,,,,,,,,,,,,,,,
,MutePickBass,0,28,35,Regular,,,,,,,,,,,,,,,,,,,,,,,,,,,,,,,,,,,,,
,FretlessBass1,0,0,36,Regular,,,,,,,,,,,,,,,,,,,,,,,,,,,,,,,,,,,,,
,FretlessBass2,0,32,36,Regular,,,,,,,,,,,,,,,,,,,,,,,,,,,,,,,,,,,,,
,FretlessBass3,0,33,36,Regular,,,,,,,,,,,,,,,,,,,,,,,,,,,,,,,,,,,,,
,FretlessBass4,0,34,36,Regular,,,,,,,,,,,,,,,,,,,,,,,,,,,,,,,,,,,,,
,SynthFretless,0,96,36,Regular,,,,,,,,,,,,,,,,,,,,,,,,,,,,,,,,,,,,,
,SmthFretless,0,97,36,Regular,,,,,,,,,,,,,,,,,,,,,,,,,,,,,,,,,,,,,
,SlapBass1,0,0,37,Regular,,,,,,,,,,,,,,,,,,,,,,,,,,,,,,,,,,,,,
,ResonantSlap,0,27,37,Regular,,,,,,,,,,,,,,,,,,,,,,,,,,,,,,,,,,,,,
,PunchThumb,0,32,37,Regular,,,,,,,,,,,,,,,,,,,,,,,,,,,,,,,,,,,,,
,SlapBass2,0,0,38,Regular,,,,,,,,,,,,,,,,,,,,,,,,,,,,,,,,,,,,,
,VelocitySwiSlap,0,43,38,Regular,,,,,,,,,,,,,,,,,,,,,,,,,,,,,,,,,,,,,
,SynthBass1,0,0,39,Regular,,,,,,,,,,,,,,,,,,,,,,,,,,,,,,,,,,,,,
,SynthBass1 Dark,0,18,39,Regular,,,,,,,,,,,,,,,,,,,,,,,,,,,,,,,,,,,,,
,FastResoBass,0,20,39,Regular,,,,,,,,,,,,,,,,,,,,,,,,,,,,,,,,,,,,,
,AcidBass,0,24,39,Regular,,,,,,,,,,,,,,,,,,,,,,,,,,,,,,,,,,,,,
,ClaviBass,0,35,39,Regular,,,,,,,,,,,,,,,,,,,,,,,,,,,,,,,,,,,,,
,TechnoBass,0,40,39,Regular,,,,,,,,,,,,,,,,,,,,,,,,,,,,,,,,,,,,,
,Orbiter,0,64,39,Regular,,,,,,,,,,,,,,,,,,,,,,,,,,,,,,,,,,,,,
,SquareBass,0,65,39,Regular,,,,,,,,,,,,,,,,,,,,,,,,,,,,,,,,,,,,,
,RubberBass,0,66,39,Regular,,,,,,,,,,,,,,,,,,,,,,,,,,,,,,,,,,,,,
,Hammer,0,96,39,Regular,,,,,,,,,,,,,,,,,,,,,,,,,,,,,,,,,,,,,
,SynthBass2,0,0,40,Regular,,,,,,,,,,,,,,,,,,,,,,,,,,,,,,,,,,,,,
,MellowSyBass,0,6,40,Regular,,,,,,,,,,,,,,,,,,,,,,,,,,,,,,,,,,,,,
,SequenceBass,0,12,40,Regular,,,,,,,,,,,,,,,,,,,,,,,,,,,,,,,,,,,,,
,ClickSynBass,0,18,40,Regular,,,,,,,,,,,,,,,,,,,,,,,,,,,,,,,,,,,,,
,SynthBass2 Dark,0,19,40,Regular,,,,,,,,,,,,,,,,,,,,,,,,,,,,,,,,,,,,,
,SmoothSyBass,0,32,40,Regular,,,,,,,,,,,,,,,,,,,,,,,,,,,,,,,,,,,,,
,ModulrSyBass,0,40,40,Regular,,,,,,,,,,,,,,,,,,,,,,,,,,,,,,,,,,,,,
,DX Bass,0,41,40,Regular,,,,,,,,,,,,,,,,,,,,,,,,,,,,,,,,,,,,,
,XWireBass,0,64,40,Regular,,,,,,,,,,,,,,,,,,,,,,,,,,,,,,,,,,,,,
Strings,Violin,0,0,41,Regular,,,,,,,,,,,,,,,,,,,,,,,,,,,,,,,,,,,,,
,SlwAtkViolin,0,8,41,Regular,,,,,,,,,,,,,,,,,,,,,,,,,,,,,,,,,,,,,
,Viola,0,0,42,Regular,,,,,,,,,,,,,,,,,,,,,,,,,,,,,,,,,,,,,
,Cello,0,0,43,Regular,,,,,,,,,,,,,,,,,,,,,,,,,,,,,,,,,,,,,
,Contrabass,0,0,44,Regular,,,,,,,,,,,,,,,,,,,,,,,,,,,,,,,,,,,,,
,TremoloStrings,0,0,45,Regular,,,,,,,,,,,,,,,,,,,,,,,,,,,,,,,,,,,,,
,SlwAtTremStr,0,8,45,Regular,,,,,,,,,,,,,,,,,,,,,,,,,,,,,,,,,,,,,
,SuspenseStr,0,40,45,Regular,,,,,,,,,,,,,,,,,,,,,,,,,,,,,,,,,,,,,
,PizzicatoStr,0,0,46,Regular,,,,,,,,,,,,,,,,,,,,,,,,,,,,,,,,,,,,,
,OrchestralHarp,0,0,47,Regular,,,,,,,,,,,,,,,,,,,,,,,,,,,,,,,,,,,,,
,YangQin,0,40,47,Regular,,,,,,,,,,,,,,,,,,,,,,,,,,,,,,,,,,,,,
,Timpani,0,0,48,Regular,,,,,,,,,,,,,,,,,,,,,,,,,,,,,,,,,,,,,
Ensemble,Strings1,0,0,49,Regular,,,,,,,,,,,,,,,,,,,,,,,,,,,,,,,,,,,,,
,StereoStrngs,0,3,49,Regular,,,,,,,,,,,,,,,,,,,,,,,,,,,,,,,,,,,,,
,SlwAtkStrngs,0,8,49,Regular,,,,,,,,,,,,,,,,,,,,,,,,,,,,,,,,,,,,,
,ArcoStrings,0,24,49,Regular,,,,,,,,,,,,,,,,,,,,,,,,,,,,,,,,,,,,,
,60'sStrings,0,35,49,Regular,,,,,,,,,,,,,,,,,,,,,,,,,,,,,,,,,,,,,
,Orchestra1,0,40,49,Regular,,,,,,,,,,,,,,,,,,,,,,,,,,,,,,,,,,,,,
,Orchestra2,0,41,49,Regular,,,,,,,,,,,,,,,,,,,,,,,,,,,,,,,,,,,,,
,TremOrchstra,0,42,49,Regular,,,,,,,,,,,,,,,,,,,,,,,,,,,,,,,,,,,,,
,VelocityStrings,0,45,49,Regular,,,,,,,,,,,,,,,,,,,,,,,,,,,,,,,,,,,,,
,Strings2,0,0,50,Regular,,,,,,,,,,,,,,,,,,,,,,,,,,,,,,,,,,,,,
,S.SlowStrngs,0,3,50,Regular,,,,,,,,,,,,,,,,,,,,,,,,,,,,,,,,,,,,,
,LegatoStrngs,0,8,50,Regular,,,,,,,,,,,,,,,,,,,,,,,,,,,,,,,,,,,,,
,WarmStrings,0,40,50,Regular,,,,,,,,,,,,,,,,,,,,,,,,,,,,,,,,,,,,,
,Kingdom,0,41,50,Regular,,,,,,,,,,,,,,,,,,,,,,,,,,,,,,,,,,,,,
,70'sStrings,0,64,50,Regular,,,,,,,,,,,,,,,,,,,,,,,,,,,,,,,,,,,,,
,Strings3,0,65,50,Regular,,,,,,,,,,,,,,,,,,,,,,,,,,,,,,,,,,,,,
,SynStrings1,0,0,51,Regular,,,,,,,,,,,,,,,,,,,,,,,,,,,,,,,,,,,,,
,ResoStrings,0,27,51,Regular,,,,,,,,,,,,,,,,,,,,,,,,,,,,,,,,,,,,,
,SynStrings4,0,64,51,Regular,,,,,,,,,,,,,,,,,,,,,,,,,,,,,,,,,,,,,
,SynStrings5,0,65,51,Regular,,,,,,,,,,,,,,,,,,,,,,,,,,,,,,,,,,,,,
,,MSB,LSB,"PC#
(1-128)",,,,,,,,,,,,,,,,,,,,,,,,,,,,,,,,,,,,,,
Ensemble,SynStrings2,0,0,52,Regular,,,,,,,,,,,,,,,,,,,,,,,,,,,,,,,,,,,,,
,ChoirAahs1,0,0,53,Regular,,,,,,,,,,,,,,,,,,,,,,,,,,,,,,,,,,,,,
,StereoChoir,0,3,53,Regular,,,,,,,,,,,,,,,,,,,,,,,,,,,,,,,,,,,,,
,ChoirAahs2,0,16,53,Regular,,,,,,,,,,,,,,,,,,,,,,,,,,,,,,,,,,,,,
,MellowChoir,0,32,53,Regular,,,,,,,,,,,,,,,,,,,,,,,,,,,,,,,,,,,,,
,ChoirStrings,0,40,53,Regular,,,,,,,,,,,,,,,,,,,,,,,,,,,,,,,,,,,,,
,VoiceOohs,0,0,54,Regular,,,,,,,,,,,,,,,,,,,,,,,,,,,,,,,,,,,,,
,SynthVoice1,0,0,55,Regular,,,,,,,,,,,,,,,,,,,,,,,,,,,,,,,,,,,,,
,SynthVoice2,0,40,55,Regular,,,,,,,,,,,,,,,,,,,,,,,,,,,,,,,,,,,,,
,Choral,0,41,55,Regular,,,,,,,,,,,,,,,,,,,,,,,,,,,,,,,,,,,,,
,AnalogVoice,0,64,55,Regular,,,,,,,,,,,,,,,,,,,,,,,,,,,,,,,,,,,,,
,OrchestraHit1,0,0,56,Regular,,,,,,,,,,,,,,,,,,,,,,,,,,,,,,,,,,,,,
,OrchestraHit2,0,35,56,Regular,,,,,,,,,,,,,,,,,,,,,,,,,,,,,,,,,,,,,
,Impact,0,64,56,Regular,,,,,,,,,,,,,,,,,,,,,,,,,,,,,,,,,,,,,
Brass,Trumpet1,0,0,57,Regular,,,,,,,,,,,,,,,,,,,,,,,,,,,,,,,,,,,,,
,Trumpet2,0,16,57,Regular,,,,,,,,,,,,,,,,,,,,,,,,,,,,,,,,,,,,,
,BrightTrumpet,0,17,57,Regular,,,,,,,,,,,,,,,,,,,,,,,,,,,,,,,,,,,,,
,WarmTrumpet,0,32,57,Regular,,,,,,,,,,,,,,,,,,,,,,,,,,,,,,,,,,,,,
,Trombone1,0,0,58,Regular,,,,,,,,,,,,,,,,,,,,,,,,,,,,,,,,,,,,,
,Trombone2,0,18,58,Regular,,,,,,,,,,,,,,,,,,,,,,,,,,,,,,,,,,,,,
,Tuba1,0,0,59,Regular,,,,,,,,,,,,,,,,,,,,,,,,,,,,,,,,,,,,,
,Tuba2,0,16,59,Regular,,,,,,,,,,,,,,,,,,,,,,,,,,,,,,,,,,,,,
,MutedTrumpet,0,0,60,Regular,,,,,,,,,,,,,,,,,,,,,,,,,,,,,,,,,,,,,
,FrenchHorn,0,0,61,Regular,,,,,,,,,,,,,,,,,,,,,,,,,,,,,,,,,,,,,
,FrenchHornSolo,0,6,61,Regular,,,,,,,,,,,,,,,,,,,,,,,,,,,,,,,,,,,,,
,FrenchHorn2,0,32,61,Regular,,,,,,,,,,,,,,,,,,,,,,,,,,,,,,,,,,,,,
,HornOrchestr,0,37,61,Regular,,,,,,,,,,,,,,,,,,,,,,,,,,,,,,,,,,,,,
,BrassSection1,0,0,62,Regular,,,,,,,,,,,,,,,,,,,,,,,,,,,,,,,,,,,,,
,Tp&TbSection,0,35,62,Regular,,,,,,,,,,,,,,,,,,,,,,,,,,,,,,,,,,,,,
,BrassSect2,0,40,62,Regular,,,,,,,,,,,,,,,,,,,,,,,,,,,,,,,,,,,,,
,HighBrass,0,41,62,Regular,,,,,,,,,,,,,,,,,,,,,,,,,,,,,,,,,,,,,
,MellowBrass,0,42,62,Regular,,,,,,,,,,,,,,,,,,,,,,,,,,,,,,,,,,,,,
,SynthBrass1,0,0,63,Regular,,,,,,,,,,,,,,,,,,,,,,,,,,,,,,,,,,,,,
,QuackBrass,0,12,63,Regular,,,,,,,,,,,,,,,,,,,,,,,,,,,,,,,,,,,,,
,ResoSynBrass,0,20,63,Regular,,,,,,,,,,,,,,,,,,,,,,,,,,,,,,,,,,,,,
,PolyBrass,0,24,63,Regular,,,,,,,,,,,,,,,,,,,,,,,,,,,,,,,,,,,,,
,SynthBrass3,0,27,63,Regular,,,,,,,,,,,,,,,,,,,,,,,,,,,,,,,,,,,,,
,JumpBrass,0,32,63,Regular,,,,,,,,,,,,,,,,,,,,,,,,,,,,,,,,,,,,,
,AnaVelBrass1,0,45,63,Regular,,,,,,,,,,,,,,,,,,,,,,,,,,,,,,,,,,,,,
,AnalogBrass1,0,64,63,Regular,,,,,,,,,,,,,,,,,,,,,,,,,,,,,,,,,,,,,
,SynthBrass2,0,0,64,Regular,,,,,,,,,,,,,,,,,,,,,,,,,,,,,,,,,,,,,
,SoftBrass,0,18,64,Regular,,,,,,,,,,,,,,,,,,,,,,,,,,,,,,,,,,,,,
,SynthBrass4,0,40,64,Regular,,,,,,,,,,,,,,,,,,,,,,,,,,,,,,,,,,,,,
,ChoirBrass,0,41,64,Regular,,,,,,,,,,,,,,,,,,,,,,,,,,,,,,,,,,,,,
,AnaVelBrass2,0,45,64,Regular,,,,,,,,,,,,,,,,,,,,,,,,,,,,,,,,,,,,,
,AnalogBrass2,0,64,64,Regular,,,,,,,,,,,,,,,,,,,,,,,,,,,,,,,,,,,,,
Reed,SopranoSax,0,0,65,Regular,,,,,,,,,,,,,,,,,,,,,,,,,,,,,,,,,,,,,
,AltoSax,0,0,66,Regular,,,,,,,,,,,,,,,,,,,,,,,,,,,,,,,,,,,,,
,SaxSection,0,40,66,Regular,,,,,,,,,,,,,,,,,,,,,,,,,,,,,,,,,,,,,
,HyperAltoSax,0,43,66,Regular,,,,,,,,,,,,,,,,,,,,,,,,,,,,,,,,,,,,,
,TenorSax1,0,0,67,Regular,,,,,,,,,,,,,,,,,,,,,,,,,,,,,,,,,,,,,
,BreathyTenor,0,40,67,Regular,,,,,,,,,,,,,,,,,,,,,,,,,,,,,,,,,,,,,
,SoftTenorSax,0,41,67,Regular,,,,,,,,,,,,,,,,,,,,,,,,,,,,,,,,,,,,,
,TenorSax2,0,64,67,Regular,,,,,,,,,,,,,,,,,,,,,,,,,,,,,,,,,,,,,
,BaritoneSax,0,0,68,Regular,,,,,,,,,,,,,,,,,,,,,,,,,,,,,,,,,,,,,
,Oboe,0,0,69,Regular,,,,,,,,,,,,,,,,,,,,,,,,,,,,,,,,,,,,,
,EnglishHorn,0,0,70,Regular,,,,,,,,,,,,,,,,,,,,,,,,,,,,,,,,,,,,,
,Bassoon,0,0,71,Regular,,,,,,,,,,,,,,,,,,,,,,,,,,,,,,,,,,,,,
,Clarinet,0,0,72,Regular,,,,,,,,,,,,,,,,,,,,,,,,,,,,,,,,,,,,,
Pipe,Piccolo,0,0,73,Regular,,,,,,,,,,,,,,,,,,,,,,,,,,,,,,,,,,,,,
,Flute,0,0,74,Regular,,,,,,,,,,,,,,,,,,,,,,,,,,,,,,,,,,,,,
,Recorder,0,0,75,Regular,,,,,,,,,,,,,,,,,,,,,,,,,,,,,,,,,,,,,
,PanFlute,0,0,76,Regular,,,,,,,,,,,,,,,,,,,,,,,,,,,,,,,,,,,,,
,BlownBottle,0,0,77,Regular,,,,,,,,,,,,,,,,,,,,,,,,,,,,,,,,,,,,,
,Shakuhachi,0,0,78,Regular,,,,,,,,,,,,,,,,,,,,,,,,,,,,,,,,,,,,,
,Whistle,0,0,79,Regular,,,,,,,,,,,,,,,,,,,,,,,,,,,,,,,,,,,,,
,Ocarina,0,0,80,Regular,,,,,,,,,,,,,,,,,,,,,,,,,,,,,,,,,,,,,
Synth.Lead,SquareLead1,0,0,81,Regular,,,,,,,,,,,,,,,,,,,,,,,,,,,,,,,,,,,,,
,SquareLead2,0,6,81,Regular,,,,,,,,,,,,,,,,,,,,,,,,,,,,,,,,,,,,,
,LM Square,0,8,81,Regular,,,,,,,,,,,,,,,,,,,,,,,,,,,,,,,,,,,,,
,,MSB,LSB,"PC#
(1-128)",,,,,,,,,,,,,,,,,,,,,,,,,,,,,,,,,,,,,,
Synth.Lead,Hollow,0,18,81,Regular,,,,,,,,,,,,,,,,,,,,,,,,,,,,,,,,,,,,,
,Shroud,0,19,81,Regular,,,,,,,,,,,,,,,,,,,,,,,,,,,,,,,,,,,,,
,Mellow,0,64,81,Regular,,,,,,,,,,,,,,,,,,,,,,,,,,,,,,,,,,,,,
,SoloSine,0,65,81,Regular,,,,,,,,,,,,,,,,,,,,,,,,,,,,,,,,,,,,,
,SineLead,0,66,81,Regular,,,,,,,,,,,,,,,,,,,,,,,,,,,,,,,,,,,,,
,SawtoothLead1,0,0,82,Regular,,,,,,,,,,,,,,,,,,,,,,,,,,,,,,,,,,,,,
,SawtoothLead2,0,6,82,Regular,,,,,,,,,,,,,,,,,,,,,,,,,,,,,,,,,,,,,
,ThickSaw,0,8,82,Regular,,,,,,,,,,,,,,,,,,,,,,,,,,,,,,,,,,,,,
,DynamicSaw,0,18,82,Regular,,,,,,,,,,,,,,,,,,,,,,,,,,,,,,,,,,,,,
,DigitalSaw,0,19,82,Regular,,,,,,,,,,,,,,,,,,,,,,,,,,,,,,,,,,,,,
,BigLead,0,20,82,Regular,,,,,,,,,,,,,,,,,,,,,,,,,,,,,,,,,,,,,
,HeavySynth,0,24,82,Regular,,,,,,,,,,,,,,,,,,,,,,,,,,,,,,,,,,,,,
,WaspySynth,0,25,82,Regular,,,,,,,,,,,,,,,,,,,,,,,,,,,,,,,,,,,,,
,PulseSaw,0,40,82,Regular,,,,,,,,,,,,,,,,,,,,,,,,,,,,,,,,,,,,,
,Dr.Lead,0,41,82,Regular,,,,,,,,,,,,,,,,,,,,,,,,,,,,,,,,,,,,,
,VelocityLead,0,45,82,Regular,,,,,,,,,,,,,,,,,,,,,,,,,,,,,,,,,,,,,
,SeqAnalog,0,96,82,Regular,,,,,,,,,,,,,,,,,,,,,,,,,,,,,,,,,,,,,
,CalliopeLead,0,0,83,Regular,,,,,,,,,,,,,,,,,,,,,,,,,,,,,,,,,,,,,
,PureLead,0,65,83,Regular,,,,,,,,,,,,,,,,,,,,,,,,,,,,,,,,,,,,,
,ChiffLead,0,0,84,Regular,,,,,,,,,,,,,,,,,,,,,,,,,,,,,,,,,,,,,
,Rubby,0,64,84,Regular,,,,,,,,,,,,,,,,,,,,,,,,,,,,,,,,,,,,,
,CharangLead,0,0,85,Regular,,,,,,,,,,,,,,,,,,,,,,,,,,,,,,,,,,,,,
,DistortedLd,0,64,85,Regular,,,,,,,,,,,,,,,,,,,,,,,,,,,,,,,,,,,,,
,WireLead,0,65,85,Regular,,,,,,,,,,,,,,,,,,,,,,,,,,,,,,,,,,,,,
,VoiceLead,0,0,86,Regular,,,,,,,,,,,,,,,,,,,,,,,,,,,,,,,,,,,,,
,SynthAahs,0,24,86,Regular,,,,,,,,,,,,,,,,,,,,,,,,,,,,,,,,,,,,,
,VoxLead,0,64,86,Regular,,,,,,,,,,,,,,,,,,,,,,,,,,,,,,,,,,,,,
,FifthsLead,0,0,87,Regular,,,,,,,,,,,,,,,,,,,,,,,,,,,,,,,,,,,,,
,BigFive,0,35,87,Regular,,,,,,,,,,,,,,,,,,,,,,,,,,,,,,,,,,,,,
,Bass&Lead,0,0,88,Regular,,,,,,,,,,,,,,,,,,,,,,,,,,,,,,,,,,,,,
,Big&Low,0,16,88,Regular,,,,,,,,,,,,,,,,,,,,,,,,,,,,,,,,,,,,,
,Fat&Perky,0,64,88,Regular,,,,,,,,,,,,,,,,,,,,,,,,,,,,,,,,,,,,,
,SoftWhirl,0,65,88,Regular,,,,,,,,,,,,,,,,,,,,,,,,,,,,,,,,,,,,,
,NewAgePad,0,0,89,Regular,,,,,,,,,,,,,,,,,,,,,,,,,,,,,,,,,,,,,
,Fantasy,0,64,89,Regular,,,,,,,,,,,,,,,,,,,,,,,,,,,,,,,,,,,,,
,WarmPad,0,0,90,Regular,,,,,,,,,,,,,,,,,,,,,,,,,,,,,,,,,,,,,
,ThickPad,0,16,90,Regular,,,,,,,,,,,,,,,,,,,,,,,,,,,,,,,,,,,,,
,SoftPad,0,17,90,Regular,,,,,,,,,,,,,,,,,,,,,,,,,,,,,,,,,,,,,
,SinePad,0,18,90,Regular,,,,,,,,,,,,,,,,,,,,,,,,,,,,,,,,,,,,,
,HornPad,0,64,90,Regular,,,,,,,,,,,,,,,,,,,,,,,,,,,,,,,,,,,,,
,RotaryStrngs,0,65,90,Regular,,,,,,,,,,,,,,,,,,,,,,,,,,,,,,,,,,,,,
,PolySynthPad,0,0,91,Regular,,,,,,,,,,,,,,,,,,,,,,,,,,,,,,,,,,,,,
,PolyPad80,0,64,91,Regular,,,,,,,,,,,,,,,,,,,,,,,,,,,,,,,,,,,,,
,ClickPad,0,65,91,Regular,,,,,,,,,,,,,,,,,,,,,,,,,,,,,,,,,,,,,
,AnalogPad,0,66,91,Regular,,,,,,,,,,,,,,,,,,,,,,,,,,,,,,,,,,,,,
,SquarePad,0,67,91,Regular,,,,,,,,,,,,,,,,,,,,,,,,,,,,,,,,,,,,,
,ChoirPad,0,0,92,Regular,,,,,,,,,,,,,,,,,,,,,,,,,,,,,,,,,,,,,
,Heaven,0,64,92,Regular,,,,,,,,,,,,,,,,,,,,,,,,,,,,,,,,,,,,,
,Itopia,0,66,92,Regular,,,,,,,,,,,,,,,,,,,,,,,,,,,,,,,,,,,,,
,CCPad,0,67,92,Regular,,,,,,,,,,,,,,,,,,,,,,,,,,,,,,,,,,,,,
,BowedPad,0,0,93,Regular,,,,,,,,,,,,,,,,,,,,,,,,,,,,,,,,,,,,,
,Glacier,0,64,93,Regular,,,,,,,,,,,,,,,,,,,,,,,,,,,,,,,,,,,,,
,GlassPad,0,65,93,Regular,,,,,,,,,,,,,,,,,,,,,,,,,,,,,,,,,,,,,
,MetallicPad,0,0,94,Regular,,,,,,,,,,,,,,,,,,,,,,,,,,,,,,,,,,,,,
,TinePad,0,64,94,Regular,,,,,,,,,,,,,,,,,,,,,,,,,,,,,,,,,,,,,
,PanPad,0,65,94,Regular,,,,,,,,,,,,,,,,,,,,,,,,,,,,,,,,,,,,,
,HaloPad,0,0,95,Regular,,,,,,,,,,,,,,,,,,,,,,,,,,,,,,,,,,,,,
,SweepPad,0,0,96,Regular,,,,,,,,,,,,,,,,,,,,,,,,,,,,,,,,,,,,,
,Shwimmer,0,20,96,Regular,,,,,,,,,,,,,,,,,,,,,,,,,,,,,,,,,,,,,
,Converge,0,27,96,Regular,,,,,,,,,,,,,,,,,,,,,,,,,,,,,,,,,,,,,
,PolarPad,0,64,96,Regular,,,,,,,,,,,,,,,,,,,,,,,,,,,,,,,,,,,,,
,Celestial,0,66,96,Regular,,,,,,,,,,,,,,,,,,,,,,,,,,,,,,,,,,,,,
Synth.Effect,Rain,0,0,97,Regular,,,,,,,,,,,,,,,,,,,,,,,,,,,,,,,,,,,,,
,ClaviPad,0,45,97,Regular,,,,,,,,,,,,,,,,,,,,,,,,,,,,,,,,,,,,,
,HarmoRain,0,64,97,Regular,,,,,,,,,,,,,,,,,,,,,,,,,,,,,,,,,,,,,
,AfricanWind,0,65,97,Regular,,,,,,,,,,,,,,,,,,,,,,,,,,,,,,,,,,,,,
,Carib,0,66,97,Regular,,,,,,,,,,,,,,,,,,,,,,,,,,,,,,,,,,,,,
,SoundTrack,0,0,98,Regular,,,,,,,,,,,,,,,,,,,,,,,,,,,,,,,,,,,,,
,Prologue,0,27,98,Regular,,,,,,,,,,,,,,,,,,,,,,,,,,,,,,,,,,,,,
,Ancestral,0,64,98,Regular,,,,,,,,,,,,,,,,,,,,,,,,,,,,,,,,,,,,,
,,MSB,LSB,"PC#
(1-128)",,,,,,,,,,,,,,,,,,,,,,,,,,,,,,,,,,,,,,
Synth.Effect,Crystal,0,0,99,Regular,,,,,,,,,,,,,,,,,,,,,,,,,,,,,,,,,,,,,
,SynthDrumComp,0,12,99,Regular,,,,,,,,,,,,,,,,,,,,,,,,,,,,,,,,,,,,,
,Popcorn,0,14,99,Regular,,,,,,,,,,,,,,,,,,,,,,,,,,,,,,,,,,,,,
,TinyBells,0,18,99,Regular,,,,,,,,,,,,,,,,,,,,,,,,,,,,,,,,,,,,,
,RoundGlocken,0,35,99,Regular,,,,,,,,,,,,,,,,,,,,,,,,,,,,,,,,,,,,,
,GlockenChime,0,40,99,Regular,,,,,,,,,,,,,,,,,,,,,,,,,,,,,,,,,,,,,
,ClearBells,0,41,99,Regular,,,,,,,,,,,,,,,,,,,,,,,,,,,,,,,,,,,,,
,ChorusBells,0,42,99,Regular,,,,,,,,,,,,,,,,,,,,,,,,,,,,,,,,,,,,,
,SynthMallet,0,64,99,Regular,,,,,,,,,,,,,,,,,,,,,,,,,,,,,,,,,,,,,
,SoftCrystal,0,65,99,Regular,,,,,,,,,,,,,,,,,,,,,,,,,,,,,,,,,,,,,
,LoudGlocken,0,66,99,Regular,,,,,,,,,,,,,,,,,,,,,,,,,,,,,,,,,,,,,
,ChristmasBel,0,67,99,Regular,,,,,,,,,,,,,,,,,,,,,,,,,,,,,,,,,,,,,
,VibeBells,0,68,99,Regular,,,,,,,,,,,,,,,,,,,,,,,,,,,,,,,,,,,,,
,DigitalBells,0,69,99,Regular,,,,,,,,,,,,,,,,,,,,,,,,,,,,,,,,,,,,,
,AirBells,0,70,99,Regular,,,,,,,,,,,,,,,,,,,,,,,,,,,,,,,,,,,,,
,BellHarp,0,71,99,Regular,,,,,,,,,,,,,,,,,,,,,,,,,,,,,,,,,,,,,
,Gamelimba,0,72,99,Regular,,,,,,,,,,,,,,,,,,,,,,,,,,,,,,,,,,,,,
,Atmosphere,0,0,100,Regular,,,,,,,,,,,,,,,,,,,,,,,,,,,,,,,,,,,,,
,WarmAtmosphere,0,18,100,Regular,,,,,,,,,,,,,,,,,,,,,,,,,,,,,,,,,,,,,
,HollwRelease,0,19,100,Regular,,,,,,,,,,,,,,,,,,,,,,,,,,,,,,,,,,,,,
,NylonElPiano,0,40,100,Regular,,,,,,,,,,,,,,,,,,,,,,,,,,,,,,,,,,,,,
,NylonHarp,0,64,100,Regular,,,,,,,,,,,,,,,,,,,,,,,,,,,,,,,,,,,,,
,HarpVox,0,65,100,Regular,,,,,,,,,,,,,,,,,,,,,,,,,,,,,,,,,,,,,
,AtmospherePad,0,66,100,Regular,,,,,,,,,,,,,,,,,,,,,,,,,,,,,,,,,,,,,
,Planet,0,67,100,Regular,,,,,,,,,,,,,,,,,,,,,,,,,,,,,,,,,,,,,
,Brightness,0,0,101,Regular,,,,,,,,,,,,,,,,,,,,,,,,,,,,,,,,,,,,,
,FantasyBells,0,64,101,Regular,,,,,,,,,,,,,,,,,,,,,,,,,,,,,,,,,,,,,
,Smokey,0,96,101,Regular,,,,,,,,,,,,,,,,,,,,,,,,,,,,,,,,,,,,,
,Goblins,0,0,102,Regular,,,,,,,,,,,,,,,,,,,,,,,,,,,,,,,,,,,,,
,GoblinsSynth,0,64,102,Regular,,,,,,,,,,,,,,,,,,,,,,,,,,,,,,,,,,,,,
,Creeper,0,65,102,Regular,,,,,,,,,,,,,,,,,,,,,,,,,,,,,,,,,,,,,
,RingPad,0,66,102,Regular,,,,,,,,,,,,,,,,,,,,,,,,,,,,,,,,,,,,,
,Ritual,0,67,102,Regular,,,,,,,,,,,,,,,,,,,,,,,,,,,,,,,,,,,,,
,ToHeaven,0,68,102,Regular,,,,,,,,,,,,,,,,,,,,,,,,,,,,,,,,,,,,,
,Night,0,70,102,Regular,,,,,,,,,,,,,,,,,,,,,,,,,,,,,,,,,,,,,
,Glisten,0,71,102,Regular,,,,,,,,,,,,,,,,,,,,,,,,,,,,,,,,,,,,,
,BellChoir,0,96,102,Regular,,,,,,,,,,,,,,,,,,,,,,,,,,,,,,,,,,,,,
,Echoes,0,0,103,Regular,,,,,,,,,,,,,,,,,,,,,,,,,,,,,,,,,,,,,
,Echoes2,0,8,103,Regular,,,,,,,,,,,,,,,,,,,,,,,,,,,,,,,,,,,,,
,EchoPan,0,14,103,Regular,,,,,,,,,,,,,,,,,,,,,,,,,,,,,,,,,,,,,
,EchoBells,0,64,103,Regular,,,,,,,,,,,,,,,,,,,,,,,,,,,,,,,,,,,,,
,BigPan,0,65,103,Regular,,,,,,,,,,,,,,,,,,,,,,,,,,,,,,,,,,,,,
,SynthPiano,0,66,103,Regular,,,,,,,,,,,,,,,,,,,,,,,,,,,,,,,,,,,,,
,Creation,0,67,103,Regular,,,,,,,,,,,,,,,,,,,,,,,,,,,,,,,,,,,,,
,StarDust,0,68,103,Regular,,,,,,,,,,,,,,,,,,,,,,,,,,,,,,,,,,,,,
,Reso&Panning,0,69,103,Regular,,,,,,,,,,,,,,,,,,,,,,,,,,,,,,,,,,,,,
,Sci-Fi,0,0,104,Regular,,,,,,,,,,,,,,,,,,,,,,,,,,,,,,,,,,,,,
,Starz,0,64,104,Regular,,,,,,,,,,,,,,,,,,,,,,,,,,,,,,,,,,,,,
Ethnic,Sitar1,0,0,105,Regular,,,,,,,,,,,,,,,,,,,,,,,,,,,,,,,,,,,,,
,DetunedSitar,0,32,105,Regular,,,,,,,,,,,,,,,,,,,,,,,,,,,,,,,,,,,,,
,Sitar2,0,35,105,Regular,,,,,,,,,,,,,,,,,,,,,,,,,,,,,,,,,,,,,
,Tambra,0,96,105,Regular,,,,,,,,,,,,,,,,,,,,,,,,,,,,,,,,,,,,,
,Tamboura,0,97,105,Regular,,,,,,,,,,,,,,,,,,,,,,,,,,,,,,,,,,,,,
,Banjo,0,0,106,Regular,,,,,,,,,,,,,,,,,,,,,,,,,,,,,,,,,,,,,
,MutedBanjo,0,28,106,Regular,,,,,,,,,,,,,,,,,,,,,,,,,,,,,,,,,,,,,
,Rabab,0,96,106,Regular,,,,,,,,,,,,,,,,,,,,,,,,,,,,,,,,,,,,,
,Gopichant,0,97,106,Regular,,,,,,,,,,,,,,,,,,,,,,,,,,,,,,,,,,,,,
,Oud,0,98,106,Regular,,,,,,,,,,,,,,,,,,,,,,,,,,,,,,,,,,,,,
,Shamisen,0,0,107,Regular,,,,,,,,,,,,,,,,,,,,,,,,,,,,,,,,,,,,,
,Koto,0,0,108,Regular,,,,,,,,,,,,,,,,,,,,,,,,,,,,,,,,,,,,,
,Taisho-kin,0,96,108,Regular,,,,,,,,,,,,,,,,,,,,,,,,,,,,,,,,,,,,,
,Kanoon,0,97,108,Regular,,,,,,,,,,,,,,,,,,,,,,,,,,,,,,,,,,,,,
,Kalimba,0,0,109,Regular,,,,,,,,,,,,,,,,,,,,,,,,,,,,,,,,,,,,,
,Bagpipe,0,0,110,Regular,,,,,,,,,,,,,,,,,,,,,,,,,,,,,,,,,,,,,
,Fiddle,0,0,111,Regular,,,,,,,,,,,,,,,,,,,,,,,,,,,,,,,,,,,,,
,Shanai1,0,0,112,Regular,,,,,,,,,,,,,,,,,,,,,,,,,,,,,,,,,,,,,
,Shanai2,0,64,112,Regular,,,,,,,,,,,,,,,,,,,,,,,,,,,,,,,,,,,,,
,Pungi,0,96,112,Regular,,,,,,,,,,,,,,,,,,,,,,,,,,,,,,,,,,,,,
,Hichiriki,0,97,112,Regular,,,,,,,,,,,,,,,,,,,,,,,,,,,,,,,,,,,,,
Percussive,TinkleBell,0,0,113,Regular,,,,,,,,,,,,,,,,,,,,,,,,,,,,,,,,,,,,,
,,MSB,LSB,"PC#
(1-128)",,,,,,,,,,,,,,,,,,,,,,,,,,,,,,,,,,,,,,
Percussive,Bonang,0,96,113,Regular,,,,,,,,,,,,,,,,,,,,,,,,,,,,,,,,,,,,,
,Altair,0,97,113,Regular,,,,,,,,,,,,,,,,,,,,,,,,,,,,,,,,,,,,,
,GamelanGongs,0,98,113,Regular,,,,,,,,,,,,,,,,,,,,,,,,,,,,,,,,,,,,,
,StereoGamlan,0,99,113,Regular,,,,,,,,,,,,,,,,,,,,,,,,,,,,,,,,,,,,,
,RamaCymbal,0,100,113,Regular,,,,,,,,,,,,,,,,,,,,,,,,,,,,,,,,,,,,,
,AsianBells,0,101,113,Regular,,,,,,,,,,,,,,,,,,,,,,,,,,,,,,,,,,,,,
,Agogo,0,0,114,Regular,,,,,,,,,,,,,,,,,,,,,,,,,,,,,,,,,,,,,
,SteelDrums,0,0,115,Regular,,,,,,,,,,,,,,,,,,,,,,,,,,,,,,,,,,,,,
,GlassPerc.,0,97,115,Regular,,,,,,,,,,,,,,,,,,,,,,,,,,,,,,,,,,,,,
,ThaiBells,0,98,115,Regular,,,,,,,,,,,,,,,,,,,,,,,,,,,,,,,,,,,,,
,Woodblock,0,0,116,Regular,,,,,,,,,,,,,,,,,,,,,,,,,,,,,,,,,,,,,
,Castanets,0,96,116,Regular,,,,,,,,,,,,,,,,,,,,,,,,,,,,,,,,,,,,,
,TaikoDrum,0,0,117,Regular,,,,,,,,,,,,,,,,,,,,,,,,,,,,,,,,,,,,,
,GranCassa,0,96,117,Regular,,,,,,,,,,,,,,,,,,,,,,,,,,,,,,,,,,,,,
,MelodicTom1,0,0,118,Regular,,,,,,,,,,,,,,,,,,,,,,,,,,,,,,,,,,,,,
,MelodicTom2,0,64,118,Regular,,,,,,,,,,,,,,,,,,,,,,,,,,,,,,,,,,,,,
,RealTom,0,65,118,Regular,,,,,,,,,,,,,,,,,,,,,,,,,,,,,,,,,,,,,
,RockTom,0,66,118,Regular,,,,,,,,,,,,,,,,,,,,,,,,,,,,,,,,,,,,,
,SynthDrum,0,0,119,Regular,,,,,,,,,,,,,,,,,,,,,,,,,,,,,,,,,,,,,
,AnalogTom,0,64,119,Regular,,,,,,,,,,,,,,,,,,,,,,,,,,,,,,,,,,,,,
,ElectroPerc.,0,65,119,Regular,,,,,,,,,,,,,,,,,,,,,,,,,,,,,,,,,,,,,
,ReverseCymbal,0,0,120,Regular,,,,,,,,,,,,,,,,,,,,,,,,,,,,,,,,,,,,,
SoundEffect,GtrFretNoise,0,0,121,Regular,,,,,,,,,,,,,,,,,,,,,,,,,,,,,,,,,,,,,
,BreathNoise,0,0,122,Regular,,,,,,,,,,,,,,,,,,,,,,,,,,,,,,,,,,,,,
,Seashore,0,0,123,Regular,,,,,,,,,,,,,,,,,,,,,,,,,,,,,,,,,,,,,
,BirdTweet1,0,0,124,Regular,,,,,,,,,,,,,,,,,,,,,,,,,,,,,,,,,,,,,
,TelphonRing1,0,0,125,Regular,,,,,,,,,,,,,,,,,,,,,,,,,,,,,,,,,,,,,
,Helicopter,0,0,126,Regular,,,,,,,,,,,,,,,,,,,,,,,,,,,,,,,,,,,,,
,Applause,0,0,127,Regular,,,,,,,,,,,,,,,,,,,,,,,,,,,,,,,,,,,,,
,Gunshot,0,0,128,Regular,,,,,,,,,,,,,,,,,,,,,,,,,,,,,,,,,,,,,
,CuttingNoise1,64,0,1,Regular,,,,,,,,,,,,,,,,,,,,,,,,,,,,,,,,,,,,,
,CuttingNoise2,64,0,2,Regular,,,,,,,,,,,,,,,,,,,,,,,,,,,,,,,,,,,,,
,StringSlap,64,0,4,Regular,,,,,,,,,,,,,,,,,,,,,,,,,,,,,,,,,,,,,
,FluteKeyClick,64,0,17,Regular,,,,,,,,,,,,,,,,,,,,,,,,,,,,,,,,,,,,,
,Shower,64,0,33,Regular,,,,,,,,,,,,,,,,,,,,,,,,,,,,,,,,,,,,,
,Thunder,64,0,34,Regular,,,,,,,,,,,,,,,,,,,,,,,,,,,,,,,,,,,,,
,Wind,64,0,35,Regular,,,,,,,,,,,,,,,,,,,,,,,,,,,,,,,,,,,,,
,Stream,64,0,36,Regular,,,,,,,,,,,,,,,,,,,,,,,,,,,,,,,,,,,,,
,Bubble,64,0,37,Regular,,,,,,,,,,,,,,,,,,,,,,,,,,,,,,,,,,,,,
,Feed,64,0,38,Regular,,,,,,,,,,,,,,,,,,,,,,,,,,,,,,,,,,,,,
,Dog,64,0,49,Regular,,,,,,,,,,,,,,,,,,,,,,,,,,,,,,,,,,,,,
,Horse,64,0,50,Regular,,,,,,,,,,,,,,,,,,,,,,,,,,,,,,,,,,,,,
,BirdTweet2,64,0,51,Regular,,,,,,,,,,,,,,,,,,,,,,,,,,,,,,,,,,,,,
,Ghost,64,0,55,Regular,,,,,,,,,,,,,,,,,,,,,,,,,,,,,,,,,,,,,
,Maou,64,0,56,Regular,,,,,,,,,,,,,,,,,,,,,,,,,,,,,,,,,,,,,
,PhoneCall,64,0,65,Regular,,,,,,,,,,,,,,,,,,,,,,,,,,,,,,,,,,,,,
,DoorSqueak,64,0,66,Regular,,,,,,,,,,,,,,,,,,,,,,,,,,,,,,,,,,,,,
,DoorSlam,64,0,67,Regular,,,,,,,,,,,,,,,,,,,,,,,,,,,,,,,,,,,,,
,ScratchCut,64,0,68,Regular,,,,,,,,,,,,,,,,,,,,,,,,,,,,,,,,,,,,,
,ScratchSplit,64,0,69,Regular,,,,,,,,,,,,,,,,,,,,,,,,,,,,,,,,,,,,,
,WindChime,64,0,70,Regular,,,,,,,,,,,,,,,,,,,,,,,,,,,,,,,,,,,,,
,TelphonRing2,64,0,71,Regular,,,,,,,,,,,,,,,,,,,,,,,,,,,,,,,,,,,,,
,CarEngineIgn,64,0,81,Regular,,,,,,,,,,,,,,,,,,,,,,,,,,,,,,,,,,,,,
,CarTiresSqueal,64,0,82,Regular,,,,,,,,,,,,,,,,,,,,,,,,,,,,,,,,,,,,,
,CarPassing,64,0,83,Regular,,,,,,,,,,,,,,,,,,,,,,,,,,,,,,,,,,,,,
,CarCrash,64,0,84,Regular,,,,,,,,,,,,,,,,,,,,,,,,,,,,,,,,,,,,,
,Siren,64,0,85,Regular,,,,,,,,,,,,,,,,,,,,,,,,,,,,,,,,,,,,,
,Train,64,0,86,Regular,,,,,,,,,,,,,,,,,,,,,,,,,,,,,,,,,,,,,
,JetPlane,64,0,87,Regular,,,,,,,,,,,,,,,,,,,,,,,,,,,,,,,,,,,,,
,Starship,64,0,88,Regular,,,,,,,,,,,,,,,,,,,,,,,,,,,,,,,,,,,,,
,Burst,64,0,89,Regular,,,,,,,,,,,,,,,,,,,,,,,,,,,,,,,,,,,,,
,RollrCoaster,64,0,90,Regular,,,,,,,,,,,,,,,,,,,,,,,,,,,,,,,,,,,,,
,Submarine,64,0,91,Regular,,,,,,,,,,,,,,,,,,,,,,,,,,,,,,,,,,,,,
,Laugh,64,0,97,Regular,,,,,,,,,,,,,,,,,,,,,,,,,,,,,,,,,,,,,
,Scream,64,0,98,Regular,,,,,,,,,,,,,,,,,,,,,,,,,,,,,,,,,,,,,
,Punch,64,0,99,Regular,,,,,,,,,,,,,,,,,,,,,,,,,,,,,,,,,,,,,
,Heartbeat,64,0,100,Regular,,,,,,,,,,,,,,,,,,,,,,,,,,,,,,,,,,,,,
,FootSteps,64,0,101,Regular,,,,,,,,,,,,,,,,,,,,,,,,,,,,,,,,,,,,,
,MachineGun,64,0,113,Regular,,,,,,,,,,,,,,,,,,,,,,,,,,,,,,,,,,,,,
,LaserGun,64,0,114,Regular,,,,,,,,,,,,,,,,,,,,,,,,,,,,,,,,,,,,,
,,MSB,LSB,"PC#
(1-128)",,,,,,,,,,,,,,,,,,,,,,,,,,,,,,,,,,,,,,
SoundEffect,Explosion,64,0,115,Regular,,,,,,,,,,,,,,,,,,,,,,,,,,,,,,,,,,,,,
,Firework,64,0,116,Regular,,,,,,,,,,,,,,,,,,,,,,,,,,,,,,,,,,,,,
,,MSB,LSB,"PC#
(1-128)",,,,,,,,,,,,,,,,,,,,,,,,,,,,,,,,,,,,,,
Guitar,PedlSteelGtr,121,1,27,Regular,,,,,,,,,,,,,,,,,,,,,,,,,,,,,,,,,,,,,
,CleanGuitar,121,0,28,Regular,,,,,,,,,,,,,,,,,,,,,,,,,,,,,,,,,,,,,
,DetCleanGuitar,121,1,28,Regular,,,,,,,,,,,,,,,,,,,,,,,,,,,,,,,,,,,,,
,MidToneGtr,121,2,28,Regular,,,,,,,,,,,,,,,,,,,,,,,,,,,,,,,,,,,,,
,MutedGuitar,121,0,29,Regular,,,,,,,,,,,,,,,,,,,,,,,,,,,,,,,,,,,,,
,FunkGuitar,121,1,29,Regular,,,,,,,,,,,,,,,,,,,,,,,,,,,,,,,,,,,,,
,MutedV-SwGtr,121,2,29,Regular,,,,,,,,,,,,,,,,,,,,,,,,,,,,,,,,,,,,,
,JazzMan,121,3,29,Regular,,,,,,,,,,,,,,,,,,,,,,,,,,,,,,,,,,,,,
,Overdriven,121,0,30,Regular,,,,,,,,,,,,,,,,,,,,,,,,,,,,,,,,,,,,,
,GuitarPinch,121,1,30,Regular,,,,,,,,,,,,,,,,,,,,,,,,,,,,,,,,,,,,,
,Distortion,121,0,31,Regular,,,,,,,,,,,,,,,,,,,,,,,,,,,,,,,,,,,,,
,FeedbackGtr,121,1,31,Regular,,,,,,,,,,,,,,,,,,,,,,,,,,,,,,,,,,,,,
,DstRhythmGtr,121,2,31,Regular,,,,,,,,,,,,,,,,,,,,,,,,,,,,,,,,,,,,,
,GtrHarmonics,121,0,32,Regular,,,,,,,,,,,,,,,,,,,,,,,,,,,,,,,,,,,,,
,GtrFeedback,121,1,32,Regular,,,,,,,,,,,,,,,,,,,,,,,,,,,,,,,,,,,,,
Bass,AcousticBass,121,0,33,Regular,,,,,,,,,,,,,,,,,,,,,,,,,,,,,,,,,,,,,
,FingerBass,121,0,34,Regular,,,,,,,,,,,,,,,,,,,,,,,,,,,,,,,,,,,,,
,FingerSlap,121,1,34,Regular,,,,,,,,,,,,,,,,,,,,,,,,,,,,,,,,,,,,,
,PickBass,121,0,35,Regular,,,,,,,,,,,,,,,,,,,,,,,,,,,,,,,,,,,,,
,FretlessBass,121,0,36,Regular,,,,,,,,,,,,,,,,,,,,,,,,,,,,,,,,,,,,,
,SlapBass1,121,0,37,Regular,,,,,,,,,,,,,,,,,,,,,,,,,,,,,,,,,,,,,
,SlapBass2,121,0,38,Regular,,,,,,,,,,,,,,,,,,,,,,,,,,,,,,,,,,,,,
,SynthBass1,121,0,39,Regular,,,,,,,,,,,,,,,,,,,,,,,,,,,,,,,,,,,,,
,WarmSyBass,121,1,39,Regular,,,,,,,,,,,,,,,,,,,,,,,,,,,,,,,,,,,,,
,ResoSynhBass,121,2,39,Regular,,,,,,,,,,,,,,,,,,,,,,,,,,,,,,,,,,,,,
,ClaviBass,121,3,39,Regular,,,,,,,,,,,,,,,,,,,,,,,,,,,,,,,,,,,,,
,Hammer,121,4,39,Regular,,,,,,,,,,,,,,,,,,,,,,,,,,,,,,,,,,,,,
,SynthBass2,121,0,40,Regular,,,,,,,,,,,,,,,,,,,,,,,,,,,,,,,,,,,,,
,AttackBass,121,1,40,Regular,,,,,,,,,,,,,,,,,,,,,,,,,,,,,,,,,,,,,
,RubberBass,121,2,40,Regular,,,,,,,,,,,,,,,,,,,,,,,,,,,,,,,,,,,,,
,AttackPulse,121,3,40,Regular,,,,,,,,,,,,,,,,,,,,,,,,,,,,,,,,,,,,,
Strings,Violin,121,0,41,Regular,,,,,,,,,,,,,,,,,,,,,,,,,,,,,,,,,,,,,
,SlwAtkViolin,121,1,41,Regular,,,,,,,,,,,,,,,,,,,,,,,,,,,,,,,,,,,,,
,Viola,121,0,42,Regular,,,,,,,,,,,,,,,,,,,,,,,,,,,,,,,,,,,,,
,Cello,121,0,43,Regular,,,,,,,,,,,,,,,,,,,,,,,,,,,,,,,,,,,,,
,Contrabass,121,0,44,Regular,,,,,,,,,,,,,,,,,,,,,,,,,,,,,,,,,,,,,
,TremoloStrings,121,0,45,Regular,,,,,,,,,,,,,,,,,,,,,,,,,,,,,,,,,,,,,
,PizzicatoStr,121,0,46,Regular,,,,,,,,,,,,,,,,,,,,,,,,,,,,,,,,,,,,,
,OrchestralHarp,121,0,47,Regular,,,,,,,,,,,,,,,,,,,,,,,,,,,,,,,,,,,,,
,YangQin,121,1,47,Regular,,,,,,,,,,,,,,,,,,,,,,,,,,,,,,,,,,,,,
,Timpani,121,0,48,Regular,,,,,,,,,,,,,,,,,,,,,,,,,,,,,,,,,,,,,
Ensemble,Strings1,121,0,49,Regular,,,,,,,,,,,,,,,,,,,,,,,,,,,,,,,,,,,,,
,StringsBrass,121,1,49,Regular,,,,,,,,,,,,,,,,,,,,,,,,,,,,,,,,,,,,,
,60'sStrings,121,2,49,Regular,,,,,,,,,,,,,,,,,,,,,,,,,,,,,,,,,,,,,
,Strings2,121,0,50,Regular,,,,,,,,,,,,,,,,,,,,,,,,,,,,,,,,,,,,,
,SynStrings1,121,0,51,Regular,,,,,,,,,,,,,,,,,,,,,,,,,,,,,,,,,,,,,
,SynStrings2,121,0,52,Regular,,,,,,,,,,,,,,,,,,,,,,,,,,,,,,,,,,,,,
,SynStrings3,121,1,51,Regular,,,,,,,,,,,,,,,,,,,,,,,,,,,,,,,,,,,,,
,ChoirAahs1,121,0,53,Regular,,,,,,,,,,,,,,,,,,,,,,,,,,,,,,,,,,,,,
,ChoirAahs2,121,1,53,Regular,,,,,,,,,,,,,,,,,,,,,,,,,,,,,,,,,,,,,
,VoiceOohs,121,0,54,Regular,,,,,,,,,,,,,,,,,,,,,,,,,,,,,,,,,,,,,
,Humming,121,1,54,Regular,,,,,,,,,,,,,,,,,,,,,,,,,,,,,,,,,,,,,
,SynthVoice,121,0,55,Regular,,,,,,,,,,,,,,,,,,,,,,,,,,,,,,,,,,,,,
,AnalogVoice,121,1,55,Regular,,,,,,,,,,,,,,,,,,,,,,,,,,,,,,,,,,,,,
,OrchestraHit,121,0,56,Regular,,,,,,,,,,,,,,,,,,,,,,,,,,,,,,,,,,,,,
,BassHitPlus,121,1,56,Regular,,,,,,,,,,,,,,,,,,,,,,,,,,,,,,,,,,,,,
,6thHit,121,2,56,Regular,,,,,,,,,,,,,,,,,,,,,,,,,,,,,,,,,,,,,
,EuroHit,121,3,56,Regular,,,,,,,,,,,,,,,,,,,,,,,,,,,,,,,,,,,,,
Brass,Trumpet,121,0,57,Regular,,,,,,,,,,,,,,,,,,,,,,,,,,,,,,,,,,,,,
,DarkTpSoft,121,1,57,Regular,,,,,,,,,,,,,,,,,,,,,,,,,,,,,,,,,,,,,
,Trombone1,121,0,58,Regular,,,,,,,,,,,,,,,,,,,,,,,,,,,,,,,,,,,,,
,Trombone2,121,1,58,Regular,,,,,,,,,,,,,,,,,,,,,,,,,,,,,,,,,,,,,
,BrightTrombone,121,2,58,Regular,,,,,,,,,,,,,,,,,,,,,,,,,,,,,,,,,,,,,
,Tuba,121,0,59,Regular,,,,,,,,,,,,,,,,,,,,,,,,,,,,,,,,,,,,,
,MutedTrumpet1,121,0,60,Regular,,,,,,,,,,,,,,,,,,,,,,,,,,,,,,,,,,,,,
,MutedTrumpet2,121,1,60,Regular,,,,,,,,,,,,,,,,,,,,,,,,,,,,,,,,,,,,,
,FrenchHorn1,121,0,61,Regular,,,,,,,,,,,,,,,,,,,,,,,,,,,,,,,,,,,,,
,FrenchHorn2,121,1,61,Regular,,,,,,,,,,,,,,,,,,,,,,,,,,,,,,,,,,,,,
,BrassSection1,121,0,62,Regular,,,,,,,,,,,,,,,,,,,,,,,,,,,,,,,,,,,,,
,BrassSection2,121,1,62,Regular,,,,,,,,,,,,,,,,,,,,,,,,,,,,,,,,,,,,,
,,MSB,LSB,"PC#
(1-128)",,,,,,,,,,,,,,,,,,,,,,,,,,,,,,,,,,,,,,
Piano,GrandPiano,121,0,1,Regular,,,,,,,,,,,,,,,,,,,,,,,,,,,,,,,,,,,,,
,GrandPno Wide,121,1,1,Regular,,,,,,,,,,,,,,,,,,,,,,,,,,,,,,,,,,,,,
,GrandPno Dark,121,2,1,Regular,,,,,,,,,,,,,,,,,,,,,,,,,,,,,,,,,,,,,
,BrightPiano,121,0,2,Regular,,,,,,,,,,,,,,,,,,,,,,,,,,,,,,,,,,,,,
,BrightPno Wide,121,1,2,Regular,,,,,,,,,,,,,,,,,,,,,,,,,,,,,,,,,,,,,
,E.GrandPiano,121,0,3,Regular,,,,,,,,,,,,,,,,,,,,,,,,,,,,,,,,,,,,,
,E.GrandPiano Wide,121,1,3,Regular,,,,,,,,,,,,,,,,,,,,,,,,,,,,,,,,,,,,,
,Honkytonk,121,0,4,Regular,,,,,,,,,,,,,,,,,,,,,,,,,,,,,,,,,,,,,
,Honkytonk Wide,121,1,4,Regular,,,,,,,,,,,,,,,,,,,,,,,,,,,,,,,,,,,,,
,ElectricPiano1,121,0,5,Regular,,,,,,,,,,,,,,,,,,,,,,,,,,,,,,,,,,,,,
,DetunedEP1,121,1,5,Regular,,,,,,,,,,,,,,,,,,,,,,,,,,,,,,,,,,,,,
,EP1 VeloMix,121,2,5,Regular,,,,,,,,,,,,,,,,,,,,,,,,,,,,,,,,,,,,,
,60sE.Piano,121,3,5,Regular,,,,,,,,,,,,,,,,,,,,,,,,,,,,,,,,,,,,,
,ElectricPiano2,121,0,6,Regular,,,,,,,,,,,,,,,,,,,,,,,,,,,,,,,,,,,,,
,DetunedEP2,121,1,6,Regular,,,,,,,,,,,,,,,,,,,,,,,,,,,,,,,,,,,,,
,EP2 VeloMix,121,2,6,Regular,,,,,,,,,,,,,,,,,,,,,,,,,,,,,,,,,,,,,
,EPLegend,121,3,6,Regular,,,,,,,,,,,,,,,,,,,,,,,,,,,,,,,,,,,,,
,EPPhase,121,4,6,Regular,,,,,,,,,,,,,,,,,,,,,,,,,,,,,,,,,,,,,
,Harpsichord,121,0,7,Regular,,,,,,,,,,,,,,,,,,,,,,,,,,,,,,,,,,,,,
,Harpsi OctMx,121,1,7,Regular,,,,,,,,,,,,,,,,,,,,,,,,,,,,,,,,,,,,,
,Harpsi Wide,121,2,7,Regular,,,,,,,,,,,,,,,,,,,,,,,,,,,,,,,,,,,,,
,Harpsi KeyOff,121,3,7,Regular,,,,,,,,,,,,,,,,,,,,,,,,,,,,,,,,,,,,,
,Clavi,121,0,8,Regular,,,,,,,,,,,,,,,,,,,,,,,,,,,,,,,,,,,,,
,PulseClavi,121,1,8,Regular,,,,,,,,,,,,,,,,,,,,,,,,,,,,,,,,,,,,,
ChromaticPerc,Celesta,121,0,9,Regular,,,,,,,,,,,,,,,,,,,,,,,,,,,,,,,,,,,,,
,Glockenspiel,121,0,10,Regular,,,,,,,,,,,,,,,,,,,,,,,,,,,,,,,,,,,,,
,MusicBox,121,0,11,Regular,,,,,,,,,,,,,,,,,,,,,,,,,,,,,,,,,,,,,
,Vibraphone,121,0,12,Regular,,,,,,,,,,,,,,,,,,,,,,,,,,,,,,,,,,,,,
,Vibraphone W,121,1,12,Regular,,,,,,,,,,,,,,,,,,,,,,,,,,,,,,,,,,,,,
,Marimba,121,0,13,Regular,,,,,,,,,,,,,,,,,,,,,,,,,,,,,,,,,,,,,
,Marimba Wide,121,1,13,Regular,,,,,,,,,,,,,,,,,,,,,,,,,,,,,,,,,,,,,
,Xylophone,121,0,14,Regular,,,,,,,,,,,,,,,,,,,,,,,,,,,,,,,,,,,,,
,TubularBells,121,0,15,Regular,,,,,,,,,,,,,,,,,,,,,,,,,,,,,,,,,,,,,
,ChurchBells,121,1,15,Regular,,,,,,,,,,,,,,,,,,,,,,,,,,,,,,,,,,,,,
,Carillon,121,2,15,Regular,,,,,,,,,,,,,,,,,,,,,,,,,,,,,,,,,,,,,
,Dulcimer,121,0,16,Regular,,,,,,,,,,,,,,,,,,,,,,,,,,,,,,,,,,,,,
Organ,DrawbarOrgan1,121,0,17,Regular,,,,,,,,,,,,,,,,,,,,,,,,,,,,,,,,,,,,,
,DetDrawOrgan,121,1,17,Regular,,,,,,,,,,,,,,,,,,,,,,,,,,,,,,,,,,,,,
,It60'sOrgan,121,2,17,Regular,,,,,,,,,,,,,,,,,,,,,,,,,,,,,,,,,,,,,
,DrawbarOrgan2,121,3,17,Regular,,,,,,,,,,,,,,,,,,,,,,,,,,,,,,,,,,,,,
,PercOrgan,121,0,18,Regular,,,,,,,,,,,,,,,,,,,,,,,,,,,,,,,,,,,,,
,DetPercOrgan,121,1,18,Regular,,,,,,,,,,,,,,,,,,,,,,,,,,,,,,,,,,,,,
,PercOrgan2,121,2,18,Regular,,,,,,,,,,,,,,,,,,,,,,,,,,,,,,,,,,,,,
,RockOrgan,121,0,19,Regular,,,,,,,,,,,,,,,,,,,,,,,,,,,,,,,,,,,,,
,ChurchOrgan,121,0,20,Regular,,,,,,,,,,,,,,,,,,,,,,,,,,,,,,,,,,,,,
,ChrchOrganOct,121,1,20,Regular,,,,,,,,,,,,,,,,,,,,,,,,,,,,,,,,,,,,,
,DetChurchOrgan,121,2,20,Regular,,,,,,,,,,,,,,,,,,,,,,,,,,,,,,,,,,,,,
,ReedOrgan,121,0,21,Regular,,,,,,,,,,,,,,,,,,,,,,,,,,,,,,,,,,,,,
,PuffOrgan,121,1,21,Regular,,,,,,,,,,,,,,,,,,,,,,,,,,,,,,,,,,,,,
,Accordion1,121,0,22,Regular,,,,,,,,,,,,,,,,,,,,,,,,,,,,,,,,,,,,,
,Accordion2,121,1,22,Regular,,,,,,,,,,,,,,,,,,,,,,,,,,,,,,,,,,,,,
,Harmonica,121,0,23,Regular,,,,,,,,,,,,,,,,,,,,,,,,,,,,,,,,,,,,,
,TangoAccord,121,0,24,Regular,,,,,,,,,,,,,,,,,,,,,,,,,,,,,,,,,,,,,
Guitar,NylonGuitar1,121,0,25,Regular,,,,,,,,,,,,,,,,,,,,,,,,,,,,,,,,,,,,,
,Ukulele,121,1,25,Regular,,,,,,,,,,,,,,,,,,,,,,,,,,,,,,,,,,,,,
,NylonGt KeyOff,121,2,25,Regular,,,,,,,,,,,,,,,,,,,,,,,,,,,,,,,,,,,,,
,NylonGuitar2,121,3,25,Regular,,,,,,,,,,,,,,,,,,,,,,,,,,,,,,,,,,,,,
,SteelGuitar,121,0,26,Regular,,,,,,,,,,,,,,,,,,,,,,,,,,,,,,,,,,,,,
,12StrGuitar,121,1,26,Regular,,,,,,,,,,,,,,,,,,,,,,,,,,,,,,,,,,,,,
,Mandolin,121,2,26,Regular,,,,,,,,,,,,,,,,,,,,,,,,,,,,,,,,,,,,,
,Steel&Body,121,3,26,Regular,,,,,,,,,,,,,,,,,,,,,,,,,,,,,,,,,,,,,
,JazzGuitar,121,0,27,Regular,,,,,,,,,,,,,,,,,,,,,,,,,,,,,,,,,,,,,
,,MSB,LSB,"PC#
(1-128)",,,,,,,,,,,,,,,,,,,,,,,,,,,,,,,,,,,,,,
Brass,SynthBrass1,121,0,63,Regular,,,,,,,,,,,,,,,,,,,,,,,,,,,,,,,,,,,,,
,SynthBrass2,121,0,64,Regular,,,,,,,,,,,,,,,,,,,,,,,,,,,,,,,,,,,,,
,SynthBrass3,121,1,63,Regular,,,,,,,,,,,,,,,,,,,,,,,,,,,,,,,,,,,,,
,SynthBrass4,121,1,64,Regular,,,,,,,,,,,,,,,,,,,,,,,,,,,,,,,,,,,,,
,AnaSynBrass1,121,2,63,Regular,,,,,,,,,,,,,,,,,,,,,,,,,,,,,,,,,,,,,
,AnaSynBrass2,121,2,64,Regular,,,,,,,,,,,,,,,,,,,,,,,,,,,,,,,,,,,,,
,JumpBrass,121,3,63,Regular,,,,,,,,,,,,,,,,,,,,,,,,,,,,,,,,,,,,,
Reed,SopranoSax,121,0,65,Regular,,,,,,,,,,,,,,,,,,,,,,,,,,,,,,,,,,,,,
,AltoSax,121,0,66,Regular,,,,,,,,,,,,,,,,,,,,,,,,,,,,,,,,,,,,,
,TenorSax,121,0,67,Regular,,,,,,,,,,,,,,,,,,,,,,,,,,,,,,,,,,,,,
,BaritoneSax,121,0,68,Regular,,,,,,,,,,,,,,,,,,,,,,,,,,,,,,,,,,,,,
,Oboe,121,0,69,Regular,,,,,,,,,,,,,,,,,,,,,,,,,,,,,,,,,,,,,
,EnglishHorn,121,0,70,Regular,,,,,,,,,,,,,,,,,,,,,,,,,,,,,,,,,,,,,
,Bassoon,121,0,71,Regular,,,,,,,,,,,,,,,,,,,,,,,,,,,,,,,,,,,,,
,Clarinet,121,0,72,Regular,,,,,,,,,,,,,,,,,,,,,,,,,,,,,,,,,,,,,
Pipe,Piccolo,121,0,73,Regular,,,,,,,,,,,,,,,,,,,,,,,,,,,,,,,,,,,,,
,Flute,121,0,74,Regular,,,,,,,,,,,,,,,,,,,,,,,,,,,,,,,,,,,,,
,Recorder,121,0,75,Regular,,,,,,,,,,,,,,,,,,,,,,,,,,,,,,,,,,,,,
,PanFlute,121,0,76,Regular,,,,,,,,,,,,,,,,,,,,,,,,,,,,,,,,,,,,,
,BlownBottle,121,0,77,Regular,,,,,,,,,,,,,,,,,,,,,,,,,,,,,,,,,,,,,
,Shakuhachi,121,0,78,Regular,,,,,,,,,,,,,,,,,,,,,,,,,,,,,,,,,,,,,
,Whistle,121,0,79,Regular,,,,,,,,,,,,,,,,,,,,,,,,,,,,,,,,,,,,,
,Ocarina,121,0,80,Regular,,,,,,,,,,,,,,,,,,,,,,,,,,,,,,,,,,,,,
Synth.Lead,SquareLead1,121,0,81,Regular,,,,,,,,,,,,,,,,,,,,,,,,,,,,,,,,,,,,,
,SquareLead2,121,1,81,Regular,,,,,,,,,,,,,,,,,,,,,,,,,,,,,,,,,,,,,
,SineLead,121,2,81,Regular,,,,,,,,,,,,,,,,,,,,,,,,,,,,,,,,,,,,,
,SawtoothLead1,121,0,82,Regular,,,,,,,,,,,,,,,,,,,,,,,,,,,,,,,,,,,,,
,SawtoothLead2,121,1,82,Regular,,,,,,,,,,,,,,,,,,,,,,,,,,,,,,,,,,,,,
,SawPulseLead,121,2,82,Regular,,,,,,,,,,,,,,,,,,,,,,,,,,,,,,,,,,,,,
,DoublSawLead,121,3,82,Regular,,,,,,,,,,,,,,,,,,,,,,,,,,,,,,,,,,,,,
,SeqAnalog,121,4,82,Regular,,,,,,,,,,,,,,,,,,,,,,,,,,,,,,,,,,,,,
,CalliopeLead,121,0,83,Regular,,,,,,,,,,,,,,,,,,,,,,,,,,,,,,,,,,,,,
,ChiffLead,121,0,84,Regular,,,,,,,,,,,,,,,,,,,,,,,,,,,,,,,,,,,,,
,CharangLead,121,0,85,Regular,,,,,,,,,,,,,,,,,,,,,,,,,,,,,,,,,,,,,
,WireLead,121,1,85,Regular,,,,,,,,,,,,,,,,,,,,,,,,,,,,,,,,,,,,,
,VoiceLead,121,0,86,Regular,,,,,,,,,,,,,,,,,,,,,,,,,,,,,,,,,,,,,
,FifthsLead,121,0,87,Regular,,,,,,,,,,,,,,,,,,,,,,,,,,,,,,,,,,,,,
,Bass&Lead,121,0,88,Regular,,,,,,,,,,,,,,,,,,,,,,,,,,,,,,,,,,,,,
,SoftWhirl,121,1,88,Regular,,,,,,,,,,,,,,,,,,,,,,,,,,,,,,,,,,,,,
Synth.Pad,NewAgePad,121,0,89,Regular,,,,,,,,,,,,,,,,,,,,,,,,,,,,,,,,,,,,,
,WarmPad,121,0,90,Regular,,,,,,,,,,,,,,,,,,,,,,,,,,,,,,,,,,,,,
,SinePad,121,1,90,Regular,,,,,,,,,,,,,,,,,,,,,,,,,,,,,,,,,,,,,
,PolySynthPad,121,0,91,Regular,,,,,,,,,,,,,,,,,,,,,,,,,,,,,,,,,,,,,
,ChoirPad,121,0,92,Regular,,,,,,,,,,,,,,,,,,,,,,,,,,,,,,,,,,,,,
,ItopiaPad,121,1,92,Regular,,,,,,,,,,,,,,,,,,,,,,,,,,,,,,,,,,,,,
,BowedPad,121,0,93,Regular,,,,,,,,,,,,,,,,,,,,,,,,,,,,,,,,,,,,,
,MetallicPad,121,0,94,Regular,,,,,,,,,,,,,,,,,,,,,,,,,,,,,,,,,,,,,
,HaloPad,121,0,95,Regular,,,,,,,,,,,,,,,,,,,,,,,,,,,,,,,,,,,,,
,SweepPad,121,0,96,Regular,,,,,,,,,,,,,,,,,,,,,,,,,,,,,,,,,,,,,
Synth.Effect,Rain,121,0,97,Regular,,,,,,,,,,,,,,,,,,,,,,,,,,,,,,,,,,,,,
,SoundTrack,121,0,98,Regular,,,,,,,,,,,,,,,,,,,,,,,,,,,,,,,,,,,,,
,Crystal,121,0,99,Regular,,,,,,,,,,,,,,,,,,,,,,,,,,,,,,,,,,,,,
,SynthMallet,121,1,99,Regular,,,,,,,,,,,,,,,,,,,,,,,,,,,,,,,,,,,,,
,Atmosphere,121,0,100,Regular,,,,,,,,,,,,,,,,,,,,,,,,,,,,,,,,,,,,,
,Brightness,121,0,101,Regular,,,,,,,,,,,,,,,,,,,,,,,,,,,,,,,,,,,,,
,Goblins,121,0,102,Regular,,,,,,,,,,,,,,,,,,,,,,,,,,,,,,,,,,,,,
,Echoes,121,0,103,Regular,,,,,,,,,,,,,,,,,,,,,,,,,,,,,,,,,,,,,
,EchoBell,121,1,103,Regular,,,,,,,,,,,,,,,,,,,,,,,,,,,,,,,,,,,,,
,EchoPan,121,2,103,Regular,,,,,,,,,,,,,,,,,,,,,,,,,,,,,,,,,,,,,
,Sci-Fi,121,0,104,Regular,,,,,,,,,,,,,,,,,,,,,,,,,,,,,,,,,,,,,
Ethnic,Sitar1,121,0,105,Regular,,,,,,,,,,,,,,,,,,,,,,,,,,,,,,,,,,,,,
,Sitar2,121,1,105,Regular,,,,,,,,,,,,,,,,,,,,,,,,,,,,,,,,,,,,,
,Banjo,121,0,106,Regular,,,,,,,,,,,,,,,,,,,,,,,,,,,,,,,,,,,,,
,Shamisen,121,0,107,Regular,,,,,,,,,,,,,,,,,,,,,,,,,,,,,,,,,,,,,
,Koto,121,0,108,Regular,,,,,,,,,,,,,,,,,,,,,,,,,,,,,,,,,,,,,
,TaishoKoto,121,1,108,Regular,,,,,,,,,,,,,,,,,,,,,,,,,,,,,,,,,,,,,
,Kalimba,121,0,109,Regular,,,,,,,,,,,,,,,,,,,,,,,,,,,,,,,,,,,,,
,Bagpipe,121,0,110,Regular,,,,,,,,,,,,,,,,,,,,,,,,,,,,,,,,,,,,,
,Fiddle,121,0,111,Regular,,,,,,,,,,,,,,,,,,,,,,,,,,,,,,,,,,,,,
,Shanai,121,0,112,Regular,,,,,,,,,,,,,,,,,,,,,,,,,,,,,,,,,,,,,
,,MSB,LSB,"PC#
(1-128)",,,,,,,,,,,,,,,,,,,,,,,,,,,,,,,,,,,,,,
Percussive,TinkleBell,121,0,113,Regular,,,,,,,,,,,,,,,,,,,,,,,,,,,,,,,,,,,,,
,Agogo,121,0,114,Regular,,,,,,,,,,,,,,,,,,,,,,,,,,,,,,,,,,,,,
,SteelDrums,121,0,115,Regular,,,,,,,,,,,,,,,,,,,,,,,,,,,,,,,,,,,,,
,Woodblock,121,0,116,Regular,,,,,,,,,,,,,,,,,,,,,,,,,,,,,,,,,,,,,
,Castanets,121,1,116,Regular,,,,,,,,,,,,,,,,,,,,,,,,,,,,,,,,,,,,,
,TaikoDrum,121,0,117,Regular,,,,,,,,,,,,,,,,,,,,,,,,,,,,,,,,,,,,,
,ConcertBD,121,1,117,Regular,,,,,,,,,,,,,,,,,,,,,,,,,,,,,,,,,,,,,
,MelodicTom1,121,0,118,Regular,,,,,,,,,,,,,,,,,,,,,,,,,,,,,,,,,,,,,
,MelodicTom2,121,1,118,Regular,,,,,,,,,,,,,,,,,,,,,,,,,,,,,,,,,,,,,
,SynthDrum,121,0,119,Regular,,,,,,,,,,,,,,,,,,,,,,,,,,,,,,,,,,,,,
,RhythmBoxTom,121,1,119,Regular,,,,,,,,,,,,,,,,,,,,,,,,,,,,,,,,,,,,,
,ElectricDrum,121,2,119,Regular,,,,,,,,,,,,,,,,,,,,,,,,,,,,,,,,,,,,,
,ReverseCymbal,121,0,120,Regular,,,,,,,,,,,,,,,,,,,,,,,,,,,,,,,,,,,,,
SoundEffect,GtrFretNoise,121,0,121,Regular,,,,,,,,,,,,,,,,,,,,,,,,,,,,,,,,,,,,,
,GtrCutNoise,121,1,121,Regular,,,,,,,,,,,,,,,,,,,,,,,,,,,,,,,,,,,,,
,StringSlap,121,2,121,Regular,,,,,,,,,,,,,,,,,,,,,,,,,,,,,,,,,,,,,
,BreathNoise,121,0,122,Regular,,,,,,,,,,,,,,,,,,,,,,,,,,,,,,,,,,,,,
,FluteKeyClick,121,1,122,Regular,,,,,,,,,,,,,,,,,,,,,,,,,,,,,,,,,,,,,
,Seashore,121,0,123,Regular,,,,,,,,,,,,,,,,,,,,,,,,,,,,,,,,,,,,,
,Rain,121,1,123,Regular,,,,,,,,,,,,,,,,,,,,,,,,,,,,,,,,,,,,,
,Thunder,121,2,123,Regular,,,,,,,,,,,,,,,,,,,,,,,,,,,,,,,,,,,,,
,Wind,121,3,123,Regular,,,,,,,,,,,,,,,,,,,,,,,,,,,,,,,,,,,,,
,Stream,121,4,123,Regular,,,,,,,,,,,,,,,,,,,,,,,,,,,,,,,,,,,,,
,Bubble,121,5,123,Regular,,,,,,,,,,,,,,,,,,,,,,,,,,,,,,,,,,,,,
,BirdTweet1,121,0,124,Regular,,,,,,,,,,,,,,,,,,,,,,,,,,,,,,,,,,,,,
,Dog,121,1,124,Regular,,,,,,,,,,,,,,,,,,,,,,,,,,,,,,,,,,,,,
,HorseGallop,121,2,124,Regular,,,,,,,,,,,,,,,,,,,,,,,,,,,,,,,,,,,,,
,BirdTweet2,121,3,124,Regular,,,,,,,,,,,,,,,,,,,,,,,,,,,,,,,,,,,,,
,TelephoneRing1,121,0,125,Regular,,,,,,,,,,,,,,,,,,,,,,,,,,,,,,,,,,,,,
,TelephoneRing2,121,1,125,Regular,,,,,,,,,,,,,,,,,,,,,,,,,,,,,,,,,,,,,
,DoorCreaking,121,2,125,Regular,,,,,,,,,,,,,,,,,,,,,,,,,,,,,,,,,,,,,
,Door,121,3,125,Regular,,,,,,,,,,,,,,,,,,,,,,,,,,,,,,,,,,,,,
,Scratch,121,4,125,Regular,,,,,,,,,,,,,,,,,,,,,,,,,,,,,,,,,,,,,
,WindChime,121,5,125,Regular,,,,,,,,,,,,,,,,,,,,,,,,,,,,,,,,,,,,,
,Helicopter,121,0,126,Regular,,,,,,,,,,,,,,,,,,,,,,,,,,,,,,,,,,,,,
,CarEngine,121,1,126,Regular,,,,,,,,,,,,,,,,,,,,,,,,,,,,,,,,,,,,,
,CarStop,121,2,126,Regular,,,,,,,,,,,,,,,,,,,,,,,,,,,,,,,,,,,,,
,CarPass,121,3,126,Regular,,,,,,,,,,,,,,,,,,,,,,,,,,,,,,,,,,,,,
,CarCrash,121,4,126,Regular,,,,,,,,,,,,,,,,,,,,,,,,,,,,,,,,,,,,,
,Siren,121,5,126,Regular,,,,,,,,,,,,,,,,,,,,,,,,,,,,,,,,,,,,,
,Train,121,6,126,Regular,,,,,,,,,,,,,,,,,,,,,,,,,,,,,,,,,,,,,
,Jetplane,121,7,126,Regular,,,,,,,,,,,,,,,,,,,,,,,,,,,,,,,,,,,,,
,Starship,121,8,126,Regular,,,,,,,,,,,,,,,,,,,,,,,,,,,,,,,,,,,,,
,BurstNoise,121,9,126,Regular,,,,,,,,,,,,,,,,,,,,,,,,,,,,,,,,,,,,,
,Applause,121,0,127,Regular,,,,,,,,,,,,,,,,,,,,,,,,,,,,,,,,,,,,,
,Laughing,121,1,127,Regular,,,,,,,,,,,,,,,,,,,,,,,,,,,,,,,,,,,,,
,Screaming,121,2,127,Regular,,,,,,,,,,,,,,,,,,,,,,,,,,,,,,,,,,,,,
,Punch,121,3,127,Regular,,,,,,,,,,,,,,,,,,,,,,,,,,,,,,,,,,,,,
,HeartBeat,121,4,127,Regular,,,,,,,,,,,,,,,,,,,,,,,,,,,,,,,,,,,,,
,Footsteps,121,5,127,Regular,,,,,,,,,,,,,,,,,,,,,,,,,,,,,,,,,,,,,
,Gunshot,121,0,128,Regular,,,,,,,,,,,,,,,,,,,,,,,,,,,,,,,,,,,,,
,MachineGun,121,1,128,Regular,,,,,,,,,,,,,,,,,,,,,,,,,,,,,,,,,,,,,
,Lasergun,121,2,128,Regular,,,,,,,,,,,,,,,,,,,,,,,,,,,,,,,,,,,,,
,Explosion,121,3,128,Regular,,,,,,,,,,,,,,,,,,,,,,,,,,,,,,,,,,,,,
Drum,StandardSet,120,0,1,Drums,,,,,,,,,,,,,,,,,,,,,,,,,,,,,,,,,,,,,
,RoomSet,120,0,9,Drums,,,,,,,,,,,,,,,,,,,,,,,,,,,,,,,,,,,,,
,PowerSet,120,0,17,Drums,,,,,,,,,,,,,,,,,,,,,,,,,,,,,,,,,,,,,
,ElectroSet,120,0,25,Drums,,,,,,,,,,,,,,,,,,,,,,,,,,,,,,,,,,,,,
,AnalogSet,120,0,26,Drums,,,,,,,,,,,,,,,,,,,,,,,,,,,,,,,,,,,,,
,JazzSet,120,0,33,Drums,,,,,,,,,,,,,,,,,,,,,,,,,,,,,,,,,,,,,
,BrushSet,120,0,41,Drums,,,,,,,,,,,,,,,,,,,,,,,,,,,,,,,,,,,,,
,OrchestraSet,120,0,49,Drums,,,,,,,,,,,,,,,,,,,,,,,,,,,,,,,,,,,,,
,SFX Set,120,0,57,SFX,,,,,,,,,,,,,,,,,,,,,,,,,,,,,,,,,,,,,
"rehgih
dna
8C",721-1,"esion
terf",721-1,"esion
terf",721-1,"esion
terf",721-1,,"esion
terf",,721-1,"esion
terf",721-1,"esion
terf",721-1,"esion
terf",721-1,"esion
terf",,,,,721-1,"esion
terf",,,,,,,,,,,,,,,,,,
"rehgih
dna
6C",721-1,"esion
murts",721-1,"esion
murts",721-1,"esion
murts",721-1,,"esion
murts",,721-1,"esion
murts",721-1,"esion
murts",721-1,"esion
murts",721-1,"esion
murts",721-1,ES,721-1,ES,721-1,"esion
murts",721-1,ES,721-1,ES,721-1,ES,721-1,ES,721-1,ES,721-1,ES,721-1,ES,,,,
")rewol
dna
5B(
stnioP
hctiwS
yticoleV",721-121,scinomrah,721-121,scinomrah,721-09,drah,721-611,drah,721-09,drah,721-121,"scinomrah
kcip",721-121,"scinomrah
kcip",721-121,"scinomrah
kcip",721-121,"scinomrah
kcip",721-121,"scinomrah
kcip",721-121,"scinomrah
kcip",721-121,"scinomrah
kcip",721-121,scinomrah,721-121,pals,721-121,scinomrah,721-121,scinomrah,721-121,scinomrah,721-121,scinomrah,721-121,scinomrah,721-121,"nwod
odnassilg",721-121,"nwod
odnassilg"
,021-601,edils,021-601,edils,,,,,,,021-601,edils,021-601,edils,021-601,edils,021-601,edils,021-65,etum,021-65,etum,021-601,edils,021-18,daed,021-18,daed,021-18,daed,021-18,daed,021-18,daed,021-18,daed,021-18,daed,021-111,olomert,021-111,olomert
,,,,,,,511-27,dem,,,,,,,,,,,,,,,,,,,,,,,,,,,,,,,,,,
,,,,,,,,,,,,,,,,,,,,,,,,,,,,,,,,,,,,,,,011-69,"ff
otaccips",011-69,"ff
otaccips"
,501-19,remmah,501-19,remmah,,,,,,,501-19,remmah,501-19,remmah,501-19,remmah,501-19,remmah,,,,,501-19,remmah,,,,,,,,,,,,,,,,,,
,,,,,,,,,,,,,,,,,,,,,,,,,,,,,,,,,,,,,,,59-18,"f
otaccips",59-18,"f
otaccips"
,09-67,etum,09-67,etum,98-1,tfos,,,98-1,tfos,09-67,etum,09-67,etum,09-67,etum,09-67,etum,,,,,09-67,"drah
daed",,,,,,,,,,,,,,,,,,
,,,,,,,,,,,,,,,,,,,,,,,,,08-16,"drah
nepo",08-16,"drah
nepo",08-16,"drah
nepo",08-16,"drah
nepo",08-14,etum,08-14,etum,08-1,nepo,08-16,otagel,08-16,otagel
,57-16,daed,57-16,daed,,,,,,,57-16,daed,57-16,daed,57-16,daed,57-16,daed,,,,,57-16,"tfos
daed",,,,,,,,,,,,,,,,,,
,,,,,,,17-1,tfos,,,,,,,,,,,,,,,,,,,,,,,,,,,,,,,,,,
,06-14,"drah
nepo",06-14,"drah
nepo",,,,,,,06-14,pals,06-14,pals,06-14,"drah
nepo",06-14,"drah
nepo",,,,,06-14,"drah
nepo",06-1,"tfos
nepo",06-1,"tfos
nepo",06-1,"tfos
nepo",06-1,"tfos
nepo",,,,,,,06-14,f,06-14,f
,,,,,,,,,,,,,,,,,,,55-1,nepo,55-1,nepo,,,,,,,,,,,,,,,,,,,,
,04-12,"dem
nepo",04-12,"dem
nepo",,,,,,,04-12,"drah
nepo",04-12,"drah
nepo",04-12,"dem
nepo",04-12,"dem
nepo",,,,,04-12,"dem
nepo",,,,,,,,,04-1,nepo,04-1,nepo,,,04-12,fm,04-12,fm
,02-1,"tfos
nepo",02-1,"tfos
nepo",,,,,,,02-1,"tfos
nepo",02-1,"tfos
nepo",02-1,"tfos
nepo",02-1,"tfos
nepo",,,,,02-1,"tfos
nepo",,,,,,,,,,,,,,,02-1,p,02-1,p
"emaN
ecioV",ratiuGnolyN,,ratiuGleetS,,ratiuGgnirtSiH,,")leetS(1tnemelE )gnirtSiH(2tnemelE
ratiuGgnirtS21",,,,ratiuGnaelC,,1ratiuGdiloS,,2ratiuGdiloS,,ratiuGlioCelgniS,,ratiuGevirdrevO,,ratiuGnoitrotsiD,,ratiuGzzaJ,,ssaBcitsuocA,,ssaBcirtcelE,,dnuoRegatniV,,talFegatniV,,ssaBkciP,,kciPegatniV,,ssaBsselterF,,sgnirtSllamS,,sgnirtSegraL,
")821-1(
#CP",1,,2,,3,,3,,,,4,,4,,4,,4,,5,,6,,7,,71,,81,,81,,81,,91,,91,,02,,94,,05,
BSL,0,,0,,0,,1,,,,0,,1,,2,,3,,0,,0,,0,,0,,0,,1,,2,,0,,1,,0,,0,,0,
BSM,8,,8,,8,,8,,,,8,,8,,8,,8,,8,,8,,8,,8,,8,,8,,8,,8,,8,,8,,8,,8,
"rehgih
dna
8C",,,721-1,"esion
htaerb",721-1,"esion
htaerb",,,,,,,,,,,,,,,,,,,,,,,,,,,,,,,,,,,,
"rehgih
dna
6C",,,721-1,"esion
evlav",721-1,"esion )esion
esion
no ffo
yek yek
evlav
6B 7B
- 6C( - 7C",,,,,,,,,,,,,,,,,,,,,,,,,,,,,,,,,,,,
")rewol
dna
5B(
stnioP
hctiwS
yticoleV",721-121,"pu
odnassilg",721-121,"pu
odnassilg",721-101,llaf,,,,,,,,,,,,,,,,,,,,,,,,,,,,,,,,,,,,
,021-111,"f
tsaf
llaf",021-111,llaf,,,,,,,,,,,,,,,,,,,,,,,,,,,,,,,,,,,,,,
,011-101,"tsaf
fm
llaf",011-101,ekahs,,,,,,,,,,,,,,,,,,,,,,,,,,,,,,,,,,,,,,
,001-19,ekahs,001-18,thgiarts,001-18,lworg,,,,,,,,,,,,,,,,,,,,,,,,,,,,,,,,,,,,
,09-18,poocs,,,,,,,,,,,,,,,,,,,,,,,,,,,,,,,,,,,,,,,,
,08-16,kcatta,08-16,otagel,08-16,otagel,,,,,,,,,,,,,,,,,,,,,,,,,,,,,,,,,,,,
,06-14,f,06-14,ff,06-14,f,,,,,,,,,,,,,,,,,,,,,,,,,,,,,,,,,,,,
,04-12,fm,04-12,f,04-12,fm,,,,,,,,,,,,,,,,,,,,,,,,,,,,,,,,,,,,
,02-1,p,02-1,fm,02-1,pm,,,,,,,,,,,,,,,,,,,,,,,,,,,,,,,,,,,,
"emaN
ecioV",ssarB,,tepmurT,,xaSroneT,,,,,,,,,,,,,,,,,,,,,,,,,,,,,,,,,,,,,
")821-1(
#CP",75,,56,,38,,,,,,,,,,,,,,,,,,,,,,,,,,,,,,,,,,,,,
BSL,0,,0,,0,,,,,,,,,,,,,,,,,,,,,,,,,,,,,,,,,,,,,
BSM,8,,8,,8,,,,,,,,,,,,,,,,,,,,,,,,,,,,,,,,,,,,,
MSB-LSB-PC# (1-128),,,127-0-1,,,127-0-2,,,127-0-5,,,127-0-9,,,127-0-17,,,,,,,,,,,,,,,,,,,,,,,,,,,
Drum Tutor,,,,,,,,,,,,,,,,,,,,,,,,,,,,,,,,,,,,,,,,,,
Note#,"MIDI
Note","Keyboard
Note",Full Name,"Alt Grp
(*1)","Key Off
(*2)",Full Name,"Alt
Grp","Key
Off",Full Name,"Alt
Grp","Key
Off",Full Name,"Alt
Grp","Key
Off",Full Name,"Alt
Grp","Key
Off",,,,,,,,,,,,,,,,,,,,,,,,,
13,C♯-1,C♯0,Surdo Mute,3,,Surdo Mute,3,,Surdo Mute,3,,Surdo Mute,3,,Surdo Mute,3,,,,,,,,,,,,,,,,,,,,,,,,,,
14,D-1,D0,Surdo Open,3,,Surdo Open,3,,Surdo Open,3,,Surdo Open,3,,Surdo Open,3,,,,,,,,,,,,,,,,,,,,,,,,,,
15,D♯-1,D♯0,Hi Q,,,Hi Q,,,Hi Q,,,Hi Q,,,Hi Q,,,,,,,,,,,,,,,,,,,,,,,,,,,
16,E-1,E0,Whip Slap,,,Whip Slap,,,Whip Slap,,,Whip Slap,,,Whip Slap,,,,,,,,,,,,,,,,,,,,,,,,,,,
17,F-1,F0,Scratch H,4,,Scratch H,4,,Scratch H,4,,Scratch H,4,,Scratch H,4,,,,,,,,,,,,,,,,,,,,,,,,,,
18,F♯-1,F♯0,Scratch L,4,,Scratch L,4,,Scratch L,4,,Scratch L,4,,Scratch L,4,,,,,,,,,,,,,,,,,,,,,,,,,,
19,G-1,G0,Finger Snap,,,Finger Snap,,,Finger Snap,,,Finger Snap,,,Finger Snap,,,,,,,,,,,,,,,,,,,,,,,,,,,
20,G♯-1,G♯0,Click Noise,,,Click Noise,,,Click Noise,,,Click Noise,,,Click Noise,,,,,,,,,,,,,,,,,,,,,,,,,,,
21,A-1,A0,Metronome Click,,,Metronome Click,,,Metronome Click,,,Metronome Click,,,Metronome Click,,,,,,,,,,,,,,,,,,,,,,,,,,,
22,A♯-1,A♯0,Metronome Bell,,,Metronome Bell,,,Metronome Bell,,,Metronome Bell,,,Metronome Bell,,,,,,,,,,,,,,,,,,,,,,,,,,,
23,B-1,B0,Seq Click L,,,Seq Click L,,,Seq Click L,,,Seq Click L,,,Seq Click L,,,,,,,,,,,,,,,,,,,,,,,,,,,
24,C0,C1,Seq Click H,,,Seq Click H,,,Seq Click H,,,Seq Click H,,,Seq Click H,,,,,,,,,,,,,,,,,,,,,,,,,,,
25,C♯0,C♯1,Brush Tap,,,Brush Tap,,,Brush Tap,,,Brush Tap,,,Brush Tap,,,,,,,,,,,,,,,,,,,,,,,,,,,
26,D0,D1,Brush Swirl,,,Brush Swirl,,,Brush Swirl,,,Brush Swirl,,,Brush Swirl,,,,,,,,,,,,,,,,,,,,,,,,,,,
27,D♯0,D♯1,Brush Slap,,,Brush Slap,,,Brush Slap,,,Brush Slap,,,Brush Slap,,,,,,,,,,,,,,,,,,,,,,,,,,,
28,E0,E1,Brush Tap Swirl,,,Brush Tap Swirl,,,Brush Tap Swirl,,,Brush Tap Swirl,,,Brush Tap Swirl,,,,,,,,,,,,,,,,,,,,,,,,,,,
29,F0,F1,Snare Roll,,,Snare Roll,,,Snare Roll,,,Snare Roll,,,Snare Roll,,,,,,,,,,,,,,,,,,,,,,,,,,,
30,F♯0,F♯1,Castanet,,,Castanet,,,Castanet,,,Castanet,,,Castanet,,,,,,,,,,,,,,,,,,,,,,,,,,,
31,G0,G1,Snare Soft,,,Snare Soft 2,,,Snare Electro,,,Snare Soft,,,Snare Noisy,,,,,,,,,,,,,,,,,,,,,,,,,,,
32,G♯0,G♯1,Sticks,,,Sticks,,,Sticks,,,Sticks,,,Sticks,,,,,,,,,,,,,,,,,,,,,,,,,,,
33,A0,A1,Kick Soft,,,Kick Soft,,,Kick Tight L,,,Kick Soft,,,Kick Soft,,,,,,,,,,,,,,,,,,,,,,,,,,,
34,A♯0,A♯1,Open Rim Shot,,,Open Rim Shot H Short,,,Snare Pitched,,,Open Rim Shot,,,Open Rim Shot,,,,,,,,,,,,,,,,,,,,,,,,,,,
35,B0,B1,Kick Tight,,,Kick Tight,,,Kick Wet,,,Kick Tight,,,Kick 2,,,,,,,,,,,,,,,,,,,,,,,,,,,
36,C1,C2,Kick,,,Kick Short,,,Kick Tight H,,,Kick,,,Kick Gate,,,,,,,,,,,,,,,,,,,,,,,,,,,
37,C♯1,C♯2,Side Stick,,,Side Stick Light,,,Stick Ambient,,,Side Stick,,,Side Stick,,,,,,,,,,,,,,,,,,,,,,,,,,,
38,D1,D2,Snare,,,Snare Short,,,Snare Ambient,,,Snare Snappy,,,Snare Rock,,,,,,,,,,,,,,,,,,,,,,,,,,,
39,D♯1,D♯2,Hand Clap,,,Hand Clap,,,Hand Clap,,,Hand Clap,,,Hand Clap,,,,,,,,,,,,,,,,,,,,,,,,,,,
40,E1,E2,Snare Tight,,,Snare Tight H,,,Snare Tight 2,,,Snare Tight Snappy,,,Snare Rock Tight,,,,,,,,,,,,,,,,,,,,,,,,,,,
41,F1,F2,Floor Tom L,,,Floor Tom L,,,Hybrid Tom 1,,,Tom Room 1,,,Tom Rock 1,,,,,,,,,,,,,,,,,,,,,,,,,,,
42,F♯1,F♯2,Hi-Hat Closed,1,,Hi-Hat Closed,1,,Hi-Hat Closed 2,1,,Hi-Hat Closed,1,,Hi-Hat Closed,1,,,,,,,,,,,,,,,,,,,,,,,,,,
43,G1,G2,Floor Tom H,,,Floor Tom H,,,Hybrid Tom 2,,,Tom Room 2,,,Tom Rock 2,,,,,,,,,,,,,,,,,,,,,,,,,,,
44,G♯1,G♯2,Hi-Hat Pedal,1,,Hi-Hat Pedal,1,,Hi-Hat Pedal 2,1,,Hi-Hat Pedal,1,,Hi-Hat Pedal,1,,,,,,,,,,,,,,,,,,,,,,,,,,
45,A1,A2,Low Tom,,,Low Tom,,,Hybrid Tom 3,,,Tom Room 3,,,Tom Rock 3,,,,,,,,,,,,,,,,,,,,,,,,,,,
46,A♯1,A♯2,Hi-Hat Open,1,,Hi-Hat Open,1,,Hi-Hat Open 2,1,,Hi-Hat Open,1,,Hi-Hat Open,1,,,,,,,,,,,,,,,,,,,,,,,,,,
47,B1,B2,Mid Tom L,,,Mid Tom L,,,Hybrid Tom 4,,,Tom Room 4,,,Tom Rock 4,,,,,,,,,,,,,,,,,,,,,,,,,,,
48,C2,C3,Mid Tom H,,,Mid Tom H,,,Hybrid Tom 5,,,Tom Room 5,,,Tom Rock 5,,,,,,,,,,,,,,,,,,,,,,,,,,,
49,C♯2,C♯3,Crash Cymbal 1,,,Crash Cymbal 1,,,Crash Cymbal 1,,,Crash Cymbal 1,,,Crash Cymbal 1,,,,,,,,,,,,,,,,,,,,,,,,,,,
50,D2,D3,High Tom,,,High Tom,,,Hybrid Tom 6,,,Tom Room 6,,,Tom Rock 6,,,,,,,,,,,,,,,,,,,,,,,,,,,
51,D♯2,D♯3,Ride Cymbal 1,,,Ride Cymbal 1,,,Ride Cymbal 1,,,Ride Cymbal 1,,,Ride Cymbal 1,,,,,,,,,,,,,,,,,,,,,,,,,,,
52,E2,E3,Chinese Cymbal,,,Chinese Cymbal,,,Chinese Cymbal,,,Chinese Cymbal,,,Chinese Cymbal,,,,,,,,,,,,,,,,,,,,,,,,,,,
53,F2,F3,Ride Cymbal Cup,,,Ride Cymbal Cup,,,Ride Cymbal Cup,,,Ride Cymbal Cup,,,Ride Cymbal Cup,,,,,,,,,,,,,,,,,,,,,,,,,,,
54,F♯2,F♯3,Tambourine,,,Tambourine,,,Tambourine Light,,,Tambourine,,,Tambourine,,,,,,,,,,,,,,,,,,,,,,,,,,,
55,G2,G3,Splash Cymbal,,,Splash Cymbal,,,Splash Cymbal,,,Splash Cymbal,,,Splash Cymbal,,,,,,,,,,,,,,,,,,,,,,,,,,,
56,G♯2,G♯3,Cowbell,,,Cowbell,,,Cowbell,,,Cowbell,,,Cowbell,,,,,,,,,,,,,,,,,,,,,,,,,,,
57,A2,A3,Crash Cymbal 2,,,Crash Cymbal 2,,,Crash Cymbal 2,,,Crash Cymbal 2,,,Crash Cymbal 2,,,,,,,,,,,,,,,,,,,,,,,,,,,
58,A♯2,A♯3,Vibraslap,,,Vibraslap,,,Vibraslap,,,Vibraslap,,,Vibraslap,,,,,,,,,,,,,,,,,,,,,,,,,,,
59,B2,B3,Ride Cymbal 2,,,Ride Cymbal 2,,,Ride Cymbal 2,,,Ride Cymbal 2,,,Ride Cymbal 2,,,,,,,,,,,,,,,,,,,,,,,,,,,
60,C3,C4,Bongo H,,,Bongo H,,,Bongo H,,,Bongo H,,,Bongo H,,,,,,,,,,,,,,,,,,,,,,,,,,,
61,C♯3,C♯4,Bongo L,,,Bongo L,,,Bongo L,,,Bongo L,,,Bongo L,,,,,,,,,,,,,,,,,,,,,,,,,,,
62,D3,D4,Conga H Mute,,,Conga H Mute,,,Conga H Mute,,,Conga H Mute,,,Conga H Mute,,,,,,,,,,,,,,,,,,,,,,,,,,,
63,D♯3,D♯4,Conga H Open,,,Conga H Open,,,Conga H Open,,,Conga H Open,,,Conga H Open,,,,,,,,,,,,,,,,,,,,,,,,,,,
64,E3,E4,Conga L,,,Conga L,,,Conga L,,,Conga L,,,Conga L,,,,,,,,,,,,,,,,,,,,,,,,,,,
65,F3,F4,Timbale H,,,Timbale H,,,Timbale H,,,Timbale H,,,Timbale H,,,,,,,,,,,,,,,,,,,,,,,,,,,
66,F♯3,F♯4,Timbale L,,,Timbale L,,,Timbale L,,,Timbale L,,,Timbale L,,,,,,,,,,,,,,,,,,,,,,,,,,,
67,G3,G4,Agogo H,,,Agogo H,,,Agogo H,,,Agogo H,,,Agogo H,,,,,,,,,,,,,,,,,,,,,,,,,,,
68,G♯3,G♯4,Agogo L,,,Agogo L,,,Agogo L,,,Agogo L,,,Agogo L,,,,,,,,,,,,,,,,,,,,,,,,,,,
69,A3,A4,Cabasa,,,Cabasa,,,Cabasa,,,Cabasa,,,Cabasa,,,,,,,,,,,,,,,,,,,,,,,,,,,
70,A♯3,A♯4,Maracas,,,Maracas,,,Maracas,,,Maracas,,,Maracas,,,,,,,,,,,,,,,,,,,,,,,,,,,
71,B3,B4,Samba Whistle H,,,Samba Whistle H,,,Samba Whistle H,,,Samba Whistle H,,,Samba Whistle H,,,,,,,,,,,,,,,,,,,,,,,,,,,
72,C4,C5,Samba Whistle L,,,Samba Whistle L,,,Samba Whistle L,,,Samba Whistle L,,,Samba Whistle L,,,,,,,,,,,,,,,,,,,,,,,,,,,
73,C♯4,C♯5,Guiro Short,,,Guiro Short,,,Guiro Short,,,Guiro Short,,,Guiro Short,,,,,,,,,,,,,,,,,,,,,,,,,,,
74,D4,D5,Guiro Long,,,Guiro Long,,,Guiro Long,,,Guiro Long,,,Guiro Long,,,,,,,,,,,,,,,,,,,,,,,,,,,
75,D♯4,D♯5,Claves,,,Claves,,,Claves,,,Claves,,,Claves,,,,,,,,,,,,,,,,,,,,,,,,,,,
76,E4,E5,Wood Block H,,,Wood Block H,,,Wood Block H,,,Wood Block H,,,Wood Block H,,,,,,,,,,,,,,,,,,,,,,,,,,,
77,F4,F5,Wood Block L,,,Wood Block L,,,Wood Block L,,,Wood Block L,,,Wood Block L,,,,,,,,,,,,,,,,,,,,,,,,,,,
78,F♯4,F♯5,Cuica Mute,,,Cuica Mute,,,Cuica Mute,,,Cuica Mute,,,Cuica Mute,,,,,,,,,,,,,,,,,,,,,,,,,,,
79,G4,G5,Cuica Open,,,Cuica Open,,,Cuica Open,,,Cuica Open,,,Cuica Open,,,,,,,,,,,,,,,,,,,,,,,,,,,
80,G♯4,G♯5,Triangle Mute,2,,Triangle Mute,2,,Triangle Mute,2,,Triangle Mute,2,,Triangle Mute,2,,,,,,,,,,,,,,,,,,,,,,,,,,
81,A4,A5,Triangle Open,2,,Triangle Open,2,,Triangle Open,2,,Triangle Open,2,,Triangle Open,2,,,,,,,,,,,,,,,,,,,,,,,,,,
82,A♯4,A♯5,Shaker,,,Shaker,,,Shaker,,,Shaker,,,Shaker,,,,,,,,,,,,,,,,,,,,,,,,,,,
83,B4,B5,Jingle Bells,,,Jingle Bells,,,Jingle Bells,,,Jingle Bells,,,Jingle Bells,,,,,,,,,,,,,,,,,,,,,,,,,,,
84,C5,C6,Bell Tree,,,Bell Tree,,,Bell Tree,,,Bell Tree,,,Bell Tree,,,,,,,,,,,,,,,,,,,,,,,,,,,
85,C♯5,C♯6,,,,,,,,,,,,,,,,,,,,,,,,,,,,,,,,,,,,,,,,
86,D5,D6,,,,,,,,,,,,,,,,,,,,,,,,,,,,,,,,,,,,,,,,
87,D♯5,D♯6,,,,,,,,,,,,,,,,,,,,,,,,,,,,,,,,,,,,,,,,
88,E5,E6,,,,,,,,,,,,,,,,,,,,,,,,,,,,,,,,,,,,,,,,
89,F5,F6,,,,,,,,,,,,,,,,,,,,,,,,,,,,,,,,,,,,,,,,
90,F♯5,F♯6,,,,,,,,,,,,,,,,,,,,,,,,,,,,,,,,,,,,,,,,
91,G5,G6,,,,,,,,,,,,,,,,,,,,,,,,,,,,,,,,,,,,,,,,
